Workbook

Sheet Read Me
A1: Standard Parts Master for Pressure Vessels & Heat Exchangers
A2: HE + PV SOURCE MASTER — PROPOSED BASELINES COMPLETE FOR REVIEW, NOT APPROVED FOR TRACKER LOAD
A3: The approved HP Air Receiver GA has been added as a light-yellow PV dataset: 48 BOM lines, 30 new part families, 155 route steps and 31 assembly steps. Drawing facts are controlled in PV Drawing Basis; proposed time norms and shop methods remain on HOLD pending Production Head/PPC approval.
A5: Document control
A6: Prepared by
A7: Checked by (Production Head)
A8: Date
A10: Why we need this
A11: Every job's BOM is different, but the parts it is made of repeat. This master is the list of all standard parts and how each one is made. When a new job is created, parts will be selected from this list and job-specific sizes and quantities entered. The tracker then creates the production steps for each part, tracks them department-wise, rolls progress up to the equipment stages and calculates weights.
A13: Sheets
A14: Parts Master | B14: One row per standard part: equipment, group, make/buy, raw material, MOC, dimensions to enter, weight basis, spare, who filled/checked it, status.
A15: Part Routes | B15: One row per manufacturing step: operation, department, the equipment stage it counts toward, standard time, conditions, acceptance standard, record.
A16: Assembly Sequence | B16: How parts are joined into sub-assemblies and the complete equipment, with weld joint references.
A17: New Operations | B17: Steps that do not fit any operation in the fixed list, with the reason.
A18: HE Stages | B18: Whole-equipment stages for heat exchangers, with durations and predecessors.
A19: PV Stages (ref) | B19: The 36 PV stages already used in the tracker, for reference only.
A20: Material Master | B20: Density for every material.
A21: SP40 Drawing Basis | B21: Traceability register for the 25-page SP40 MED Train 1 drawing package, including exact design facts, drawing-required operations and unresolved controls.
A22: How to fill
A23: 1 | B23: Start with these 10 pilot parts: Shell Course, Dished End, Nozzle Neck, Nozzle Flange, Tube Sheet, Tube, Baffle, Saddle, Stud with Two Nuts, Gasket. Send the file back so we can review it together before the full list.
A24: 2 | B24: Fill 'HE Stages' first. Part Routes and Assembly Sequence need its stage numbers.
A25: 3 | B25: Use only the operations in the dropdown. If a step does not fit, add it to 'New Operations'. Please don't rename an existing operation.
A26: 4 | B26: Number steps 10, 20, 30… so steps can be inserted later without renumbering.
A27: 5 | B27: For every step, fill the stage number it counts toward: PV stage, HE stage, or both if the part is used in both.
A28: 6 | B28: If a part can be made in more than one way, give each way a variant letter (A, B) and list the steps for each.
A29: 7 | B29: If a step applies only sometimes, set Conditional = Yes and write the rule.
A30: 8 | B30: Give standard time for every step with its unit and basis (per piece, per metre of weld, per tube…).
A31: 9 | B31: Set 'Route Source' honestly. 'Assumed – to be confirmed' is allowed, but those parts cannot be approved until confirmed.
A32: 10 | B32: Only parts with Status = 'Approved by Production Head' will be loaded into the tracker.
A34: Colour legend
A35: Grey rows | B35: Example only. Replace or delete once your data is in.
A36: Yellow cells | B36: To be filled by the team.
A37: Blue cells | B37: Filled automatically. Do not type here.
A38: Green rows | B38: Reference data from the tracker. Do not edit.
A39: Orange cells | B39: Proposed planning value or approval-sensitive control. Validate before tracker load.
A40: PV Drawing Basis | B40: Approved GA metadata, design data, nozzle schedule and all 48 BOM lines with master-code traceability.
A41: PV Review | B41: Live PV completeness controls, design summary and approval gates.
A42: Light-yellow PV rows | B42: Drawing-backed pressure-vessel entries or proposed planning values requiring joint review.
A43: Orange PV cells | B43: Ambiguous source value, unapproved standard time, or approval-sensitive control.

Sheet Parts Master
A1: HE + PV MASTER — LIGHT-YELLOW PV ROWS ARE DRAWING-BACKED OR PROPOSED; ALL DRAFT ROUTES/TIMES REQUIRE PRODUCTION HEAD APPROVAL.
A2: One row per standard part. Part Code is your choice (suggested: 3-letter group + number). 'Filled by' and 'Checked by' must be real names; only parts with Status = 'Approved by Production Head' will be loaded into the tracker. The three blue columns check your entries automatically: 'Steps entered' must not be 0, and the other two should be 0 before approval.
A4: Example? | B4: Part Code | C4: Part Name | D4: Equipment | E4: Assembly Group | F4: Make / Buy | G4: Raw Material Form | H4: Typical MOC | I4: Dimensions to enter per job | J4: Weight Basis | K4: Route Variants (A, B…) | L4: Also a Spare? | M4: Route Source | N4: Filled by | O4: Checked by | P4: Status | Q4: Remarks | R4: Steps entered (auto) | S4: Steps missing stage no. (auto) | T4: Steps marked 'Assumed' (auto)
A5: PILOT – SOURCE DRAFT | B5: SHL-01 | C5: Shell Course | D5: PV + HE | E5: Shell | F5: Made in-house | G5: Plate | H5: SA240 S32205 | I5: ID 3000; thickness 10; developed length 9456; course width/length per job | J5: Rolled shell (ID, T, L) | K5: A | L5: No | M5: Assumed – to be confirmed | N5: Precise Engineers | O5: Pending – Production Head | P5: Draft | Q5: SP40 overall material list: ten shell plates, PL.10 THK × 9456 developed length; widths 1240, 1490 and 560. Route remains unapproved. PV drawing item 101: SA516 Gr.70 shell, 45T × 3750W × 7509 developed length; 9947 kg. | R5: =IF(B5="","",COUNTIF('Part Routes'!$B:$B,B5)) -> 9 | S5: =IF(B5="","",IF(D5="PV",COUNTIFS('Part Routes'!$B:$B,B5,'Part Routes'!$I:$I,""),IF(D5="HE",COUNTIFS('Part Routes'!$B:$B,B5,'Part Routes'!$J:$J,""),COUNTIFS('Part Routes'!$B:$B,B5,'Part Routes'!$I:$I,"")+COUNTIFS('Part Routes'!$B:$B,B5,'Part Routes'!$J:$J,"")))) -> 0 | T5: =IF(B5="","",IF(M5="Assumed – to be confirmed",R5,0)) -> 9
A6: PILOT – SOURCE DRAFT | B6: HED-01 | C6: Dished End | D6: PV + HE | E6: Heads / Dished Ends | F6: Made in-house | G6: Plate | H6: SA240 S32205 | I6: ID 3000; raw thickness 12; formed thickness 10 min; 2:1 semi-ellipsoidal; ICR 2700; IKR 510; straight face 50; blank dia 3772 | J6: Dished head (to be defined) | K6: A, B | L6: No | M6: Assumed – to be confirmed | N6: Precise Engineers | O6: Pending – Production Head | P6: Draft | Q6: SP40-02-03-04-001 Rev.0: left/right cold-formed heads; full DP both sides with TPI; template profile check. Variant B added from drawing. PV drawing item 102: two SA516 Gr.70 dished ends, 45T nominal × 2925 blank dia; 4748 kg total. | R6: =IF(B6="","",COUNTIF('Part Routes'!$B:$B,B6)) -> 16 | S6: =IF(B6="","",IF(D6="PV",COUNTIFS('Part Routes'!$B:$B,B6,'Part Routes'!$I:$I,""),IF(D6="HE",COUNTIFS('Part Routes'!$B:$B,B6,'Part Routes'!$J:$J,""),COUNTIFS('Part Routes'!$B:$B,B6,'Part Routes'!$I:$I,"")+COUNTIFS('Part Routes'!$B:$B,B6,'Part Routes'!$J:$J,"")))) -> 0 | T6: =IF(B6="","",IF(M6="Assumed – to be confirmed",R6,0)) -> 16
A7: PILOT – SOURCE DRAFT | B7: NOZ-01 | C7: Nozzle Neck | D7: PV + HE | E7: Nozzles | F7: Made in-house | G7: Pipe | H7: SA790 S32205 | I7: OD, thickness, cut length, NB/tag, projection; drawing range includes OD 21.3 to 813 | J7: Pipe / Tube (OD, T, L) | K7: A | L7: No | M7: Assumed – to be confirmed | N7: Precise Engineers | O7: Pending – Production Head | P7: Draft | Q7: SP40 overall material list confirms pipe-neck nozzle construction in SA790 S32205; fabrication route still requires shop approval. PV items 207, 209 and 236 add SA333 Gr.6 and SA106 Gr.B nozzle-neck variants. | R7: =IF(B7="","",COUNTIF('Part Routes'!$B:$B,B7)) -> 9 | S7: =IF(B7="","",IF(D7="PV",COUNTIFS('Part Routes'!$B:$B,B7,'Part Routes'!$I:$I,""),IF(D7="HE",COUNTIFS('Part Routes'!$B:$B,B7,'Part Routes'!$J:$J,""),COUNTIFS('Part Routes'!$B:$B,B7,'Part Routes'!$I:$I,"")+COUNTIFS('Part Routes'!$B:$B,B7,'Part Routes'!$J:$J,"")))) -> 0 | T7: =IF(B7="","",IF(M7="Assumed – to be confirmed",R7,0)) -> 9
A8: PILOT – SOURCE DRAFT | B8: FLG-01 | C8: Nozzle Flange | D8: PV + HE | E8: Flanges | F8: Bought + machined in-house | G8: Forging | H8: SA182 Gr.F60 | I8: NB, class, SORF type, facing, bore, OD, ID, thickness | J8: Ring / Flange (OD, ID, T) | K8: A | L8: No | M8: Assumed – to be confirmed | N8: Precise Engineers | O8: Pending – Production Head | P8: Draft | Q8: SP40 overall material list shows SORF flanges, Class 150, SA182 Gr.F60. Make/buy and machining route remain to be confirmed. PV items 205, 206, 213 and 216 add SA105 Class 300 WNRF variants. | R8: =IF(B8="","",COUNTIF('Part Routes'!$B:$B,B8)) -> 5 | S8: =IF(B8="","",IF(D8="PV",COUNTIFS('Part Routes'!$B:$B,B8,'Part Routes'!$I:$I,""),IF(D8="HE",COUNTIFS('Part Routes'!$B:$B,B8,'Part Routes'!$J:$J,""),COUNTIFS('Part Routes'!$B:$B,B8,'Part Routes'!$I:$I,"")+COUNTIFS('Part Routes'!$B:$B,B8,'Part Routes'!$J:$J,"")))) -> 0 | T8: =IF(B8="","",IF(M8="Assumed – to be confirmed",R8,0)) -> 5
A9: PILOT – SOURCE DRAFT | B9: TSH-01 | C9: Tube Sheet | D9: HE | E9: Tube Bundle | F9: Bought + machined in-house | G9: Forging | H9: SA 266 Gr.2 / SA 182 / SB 171 Alloy 464 | I9: OD, thickness, hole count, hole diameter, pitch, layout, pass partition grooves | J9: Disc (OD, T) | K9: A | L9: No | M9: Assumed – to be confirmed | N9: Precise Engineers | O9: Pending – Production Head | P9: Draft | Q9: Existing forged tubesheet family retained. SP40 uses a separate fabricated-plate family TSH-02. | R9: =IF(B9="","",COUNTIF('Part Routes'!$B:$B,B9)) -> 7 | S9: =IF(B9="","",IF(D9="PV",COUNTIFS('Part Routes'!$B:$B,B9,'Part Routes'!$I:$I,""),IF(D9="HE",COUNTIFS('Part Routes'!$B:$B,B9,'Part Routes'!$J:$J,""),COUNTIFS('Part Routes'!$B:$B,B9,'Part Routes'!$I:$I,"")+COUNTIFS('Part Routes'!$B:$B,B9,'Part Routes'!$J:$J,"")))) -> 0 | T9: =IF(B9="","",IF(M9="Assumed – to be confirmed",R9,0)) -> 7
A10: PILOT – SOURCE DRAFT | B10: TUB-01 | C10: Tube | D10: HE | E10: Tube Bundle | F10: Bought-out | G10: Tube | H10: SB338 Gr.2 titanium / other approved tube materials | I10: OD, wall thickness, effective length, overall length, quantity; SP40: OD 21.3 × 0.4, 3000 overall (Effects 1–8), 2260 overall (Effect 9) | J10: Pipe / Tube (OD, T, L) | K10: A | L10: Yes | M10: Assumed – to be confirmed | N10: Precise Engineers | O10: Pending – Production Head | P10: Draft | Q10: SP40-02-02-11-04 Rev.0 specifies tubes tight-fit with EPDM grommets; no expansion, seal weld or joint test is stated. | R10: =IF(B10="","",COUNTIF('Part Routes'!$B:$B,B10)) -> 5 | S10: =IF(B10="","",IF(D10="PV",COUNTIFS('Part Routes'!$B:$B,B10,'Part Routes'!$I:$I,""),IF(D10="HE",COUNTIFS('Part Routes'!$B:$B,B10,'Part Routes'!$J:$J,""),COUNTIFS('Part Routes'!$B:$B,B10,'Part Routes'!$I:$I,"")+COUNTIFS('Part Routes'!$B:$B,B10,'Part Routes'!$J:$J,"")))) -> 0 | T10: =IF(B10="","",IF(M10="Assumed – to be confirmed",R10,0)) -> 5
A11: PILOT – SOURCE DRAFT | B11: BAF-01 | C11: Baffle | D11: HE | E11: Tube Bundle | F11: Made in-house | G11: Plate | H11: SA 515 Gr.60 / CS / SS | I11: OD, thickness, baffle cut %, hole count, hole diameter, pitch, orientation | J11: Disc (OD, T) | K11: A | L11: No | M11: Assumed – to be confirmed | N11: Precise Engineers | O11: Pending – Production Head | P11: Draft | Q11: Existing generic baffle retained. SP40 drawing package separately defines an EPDM baffle-grommet family. | R11: =IF(B11="","",COUNTIF('Part Routes'!$B:$B,B11)) -> 6 | S11: =IF(B11="","",IF(D11="PV",COUNTIFS('Part Routes'!$B:$B,B11,'Part Routes'!$I:$I,""),IF(D11="HE",COUNTIFS('Part Routes'!$B:$B,B11,'Part Routes'!$J:$J,""),COUNTIFS('Part Routes'!$B:$B,B11,'Part Routes'!$I:$I,"")+COUNTIFS('Part Routes'!$B:$B,B11,'Part Routes'!$J:$J,"")))) -> 0 | T11: =IF(B11="","",IF(M11="Assumed – to be confirmed",R11,0)) -> 6
A12: PILOT – SOURCE DRAFT | B12: SAD-01 | C12: Saddle | D12: PV + HE | E12: Externals / Supports | F12: Made in-house | G12: Assembly (made of other parts) | H12: Metal structure per saddle drawing; PTFE sliding sheet | I12: vessel OD; saddle steel-part dimensions; fixed/sliding type; PTFE sheet 10 × 450 × 3030 | J12: Sum of child parts | K12: A | L12: No | M12: Assumed – to be confirmed | N12: Precise Engineers | O12: Pending – Production Head | P12: Draft | Q12: SP40-02-02-11-01 Rev.0 confirms saddle assembly and food-grade PTFE sliding sheet; metal material/route requires review. | R12: =IF(B12="","",COUNTIF('Part Routes'!$B:$B,B12)) -> 10 | S12: =IF(B12="","",IF(D12="PV",COUNTIFS('Part Routes'!$B:$B,B12,'Part Routes'!$I:$I,""),IF(D12="HE",COUNTIFS('Part Routes'!$B:$B,B12,'Part Routes'!$J:$J,""),COUNTIFS('Part Routes'!$B:$B,B12,'Part Routes'!$I:$I,"")+COUNTIFS('Part Routes'!$B:$B,B12,'Part Routes'!$J:$J,"")))) -> 0 | T12: =IF(B12="","",IF(M12="Assumed – to be confirmed",R12,0)) -> 10
A13: PILOT – SOURCE DRAFT | B13: STD-01 | C13: Stud with Two Nuts | D13: PV + HE | E13: Bolting & Gaskets | F13: Bought-out | G13: Standard item (catalogue) | H13: SA193 Gr.B8M stud with SA194 Gr.8M nuts | I13: diameter, thread, length, quantity; SP40 examples 1/2 in × 75/80 and 5/8 in × 100 | J13: Catalogue weight (per piece) | K13: A | L13: Yes | M13: Assumed – to be confirmed | N13: Precise Engineers | O13: Pending – Production Head | P13: Draft | Q13: SP40 overall material list confirms B8M studs, Gr.8M nuts and separate SS316L washers. PV item 220: 24 sets SA193 B7 studs / SA194 2H heavy hex nuts, 1-1/4 UNC × 210. | R13: =IF(B13="","",COUNTIF('Part Routes'!$B:$B,B13)) -> 3 | S13: =IF(B13="","",IF(D13="PV",COUNTIFS('Part Routes'!$B:$B,B13,'Part Routes'!$I:$I,""),IF(D13="HE",COUNTIFS('Part Routes'!$B:$B,B13,'Part Routes'!$J:$J,""),COUNTIFS('Part Routes'!$B:$B,B13,'Part Routes'!$I:$I,"")+COUNTIFS('Part Routes'!$B:$B,B13,'Part Routes'!$J:$J,"")))) -> 0 | T13: =IF(B13="","",IF(M13="Assumed – to be confirmed",R13,0)) -> 3
A14: PILOT – SOURCE DRAFT | B14: GAS-01 | C14: Gasket | D14: PV + HE | E14: Bolting & Gaskets | F14: Bought-out | G14: Standard item (catalogue) | H14: EPDM food grade / other approved gasket grade | I14: OD, ID, thickness, class/construction, quantity; SP40 examples 3 THK, OD/ID 48/21, 67/33 and 105/60 | J14: Catalogue weight (per piece) | K14: A | L14: Yes | M14: Assumed – to be confirmed | N14: Precise Engineers | O14: Pending – Production Head | P14: Draft | Q14: SP40 overall material list specifies EPDM gaskets. Density and exact compound remain vendor-certificate dependent. PV item 219: DN450 Class 300 SS316L spiral-wound Grafoil gasket with CS outer ring. | R14: =IF(B14="","",COUNTIF('Part Routes'!$B:$B,B14)) -> 3 | S14: =IF(B14="","",IF(D14="PV",COUNTIFS('Part Routes'!$B:$B,B14,'Part Routes'!$I:$I,""),IF(D14="HE",COUNTIFS('Part Routes'!$B:$B,B14,'Part Routes'!$J:$J,""),COUNTIFS('Part Routes'!$B:$B,B14,'Part Routes'!$I:$I,"")+COUNTIFS('Part Routes'!$B:$B,B14,'Part Routes'!$J:$J,"")))) -> 0 | T14: =IF(B14="","",IF(M14="Assumed – to be confirmed",R14,0)) -> 3
A15: DRAWING SOURCE DRAFT | B15: RFP-01 | C15: Reinforcement Pad | D15: HE | E15: Nozzles | F15: Made in-house | G15: Plate | H15: SA240 S32205 | I15: OD, ID, thickness, quantity | J15: Ring / Flange (OD, ID, T) | K15: A | L15: No | M15: Client / QAP requirement | P15: Draft | Q15: SP40 drawing BOM includes nozzle and piping-support reinforcement pads; manufacturing route not stated. | R15: =IF(B15="","",COUNTIF('Part Routes'!$B:$B,B15)) -> 0 | S15: =IF(B15="","",IF(D15="PV",COUNTIFS('Part Routes'!$B:$B,B15,'Part Routes'!$I:$I,""),IF(D15="HE",COUNTIFS('Part Routes'!$B:$B,B15,'Part Routes'!$J:$J,""),COUNTIFS('Part Routes'!$B:$B,B15,'Part Routes'!$I:$I,"")+COUNTIFS('Part Routes'!$B:$B,B15,'Part Routes'!$J:$J,"")))) -> 0 | T15: =IF(B15="","",IF(M15="Assumed – to be confirmed",R15,0)) -> 0
A16: DRAWING SOURCE DRAFT | B16: TSH-02 | C16: Tube Sheet (Fabricated Plate) | D16: HE | E16: Tube Bundle | F16: Made in-house | G16: Plate | H16: SA240 S32205 | I16: OD, thickness, plate joints, hole count/layout, hole dia, pitch, chamfer, finish | J16: Disc (OD, T) | K16: A | L16: No | M16: Client / QAP requirement | P16: Draft | Q16: SP40-02-03-04-002 Rev.0: OD 3000 × 10; hole Ø24.7; 28.78 pitch; 1.6 micron finish; six effect-specific layouts. | R16: =IF(B16="","",COUNTIF('Part Routes'!$B:$B,B16)) -> 7 | S16: =IF(B16="","",IF(D16="PV",COUNTIFS('Part Routes'!$B:$B,B16,'Part Routes'!$I:$I,""),IF(D16="HE",COUNTIFS('Part Routes'!$B:$B,B16,'Part Routes'!$J:$J,""),COUNTIFS('Part Routes'!$B:$B,B16,'Part Routes'!$I:$I,"")+COUNTIFS('Part Routes'!$B:$B,B16,'Part Routes'!$J:$J,"")))) -> 7 | T16: =IF(B16="","",IF(M16="Assumed – to be confirmed",R16,0)) -> 0
A17: DRAWING SOURCE DRAFT | B17: NUT-01 | C17: Hex Nut | D17: HE | E17: Bolting & Gaskets | F17: Bought-out | G17: Standard item (catalogue) | H17: SA194 Gr.8M | I17: thread diameter, grade, quantity | J17: Catalogue weight (per piece) | K17: A | L17: Yes | M17: Client / QAP requirement | P17: Draft | Q17: Listed separately in SP40 nozzle BOM. | R17: =IF(B17="","",COUNTIF('Part Routes'!$B:$B,B17)) -> 0 | S17: =IF(B17="","",IF(D17="PV",COUNTIFS('Part Routes'!$B:$B,B17,'Part Routes'!$I:$I,""),IF(D17="HE",COUNTIFS('Part Routes'!$B:$B,B17,'Part Routes'!$J:$J,""),COUNTIFS('Part Routes'!$B:$B,B17,'Part Routes'!$I:$I,"")+COUNTIFS('Part Routes'!$B:$B,B17,'Part Routes'!$J:$J,"")))) -> 0 | T17: =IF(B17="","",IF(M17="Assumed – to be confirmed",R17,0)) -> 0
A18: DRAWING SOURCE DRAFT | B18: WSH-01 | C18: Washer | D18: HE | E18: Bolting & Gaskets | F18: Bought-out | G18: Standard item (catalogue) | H18: SS316L | I18: nominal diameter, OD, ID, thickness, quantity | J18: Catalogue weight (per piece) | K18: A | L18: Yes | M18: Client / QAP requirement | P18: Draft | Q18: Listed separately in SP40 nozzle BOM. | R18: =IF(B18="","",COUNTIF('Part Routes'!$B:$B,B18)) -> 0 | S18: =IF(B18="","",IF(D18="PV",COUNTIFS('Part Routes'!$B:$B,B18,'Part Routes'!$I:$I,""),IF(D18="HE",COUNTIFS('Part Routes'!$B:$B,B18,'Part Routes'!$J:$J,""),COUNTIFS('Part Routes'!$B:$B,B18,'Part Routes'!$I:$I,"")+COUNTIFS('Part Routes'!$B:$B,B18,'Part Routes'!$J:$J,"")))) -> 0 | T18: =IF(B18="","",IF(M18="Assumed – to be confirmed",R18,0)) -> 0
A19: DRAWING SOURCE DRAFT | B19: GRM-01 | C19: Tube Grommet | D19: HE | E19: Tube Bundle | F19: Bought-out | G19: Standard item (catalogue) | H19: EPDM food grade | I19: tube OD, tubesheet hole, profile dimensions, Shore hardness, quantity | J19: Catalogue weight (per piece) | K19: A | L19: Yes | M19: Client / QAP requirement | P19: Draft | Q19: SP40-02-02-11-04/-05 Rev.0: tube is tight-fit with grommet; no expansion or seal weld stated. | R19: =IF(B19="","",COUNTIF('Part Routes'!$B:$B,B19)) -> 0 | S19: =IF(B19="","",IF(D19="PV",COUNTIFS('Part Routes'!$B:$B,B19,'Part Routes'!$I:$I,""),IF(D19="HE",COUNTIFS('Part Routes'!$B:$B,B19,'Part Routes'!$J:$J,""),COUNTIFS('Part Routes'!$B:$B,B19,'Part Routes'!$I:$I,"")+COUNTIFS('Part Routes'!$B:$B,B19,'Part Routes'!$J:$J,"")))) -> 0 | T19: =IF(B19="","",IF(M19="Assumed – to be confirmed",R19,0)) -> 0
A20: DRAWING SOURCE DRAFT | B20: BGM-01 | C20: Baffle Grommet | D20: HE | E20: Tube Bundle | F20: Bought-out | G20: Standard item (catalogue) | H20: EPDM food grade | I20: tube OD, baffle hole, profile dimensions, Shore hardness, quantity | J20: Catalogue weight (per piece) | K20: A | L20: Yes | M20: Client / QAP requirement | P20: Draft | Q20: SP40-02-02-11-07 Rev.0 requires food-grade EPDM certificate and Shore hardness. | R20: =IF(B20="","",COUNTIF('Part Routes'!$B:$B,B20)) -> 0 | S20: =IF(B20="","",IF(D20="PV",COUNTIFS('Part Routes'!$B:$B,B20,'Part Routes'!$I:$I,""),IF(D20="HE",COUNTIFS('Part Routes'!$B:$B,B20,'Part Routes'!$J:$J,""),COUNTIFS('Part Routes'!$B:$B,B20,'Part Routes'!$I:$I,"")+COUNTIFS('Part Routes'!$B:$B,B20,'Part Routes'!$J:$J,"")))) -> 0 | T20: =IF(B20="","",IF(M20="Assumed – to be confirmed",R20,0)) -> 0
A21: DRAWING SOURCE DRAFT | B21: PTF-01 | C21: PTFE Sliding Sheet | D21: HE | E21: Externals / Supports | F21: Bought + fabricated in-house | G21: Plate | H21: PTFE food grade | I21: thickness, width, length, hole pattern, quantity | J21: Plate (L x W x T) | K21: A | L21: No | M21: Client / QAP requirement | P21: Draft | Q21: SP40 saddle detail: 10 THK × 450 × 3030; food-grade material. | R21: =IF(B21="","",COUNTIF('Part Routes'!$B:$B,B21)) -> 0 | S21: =IF(B21="","",IF(D21="PV",COUNTIFS('Part Routes'!$B:$B,B21,'Part Routes'!$I:$I,""),IF(D21="HE",COUNTIFS('Part Routes'!$B:$B,B21,'Part Routes'!$J:$J,""),COUNTIFS('Part Routes'!$B:$B,B21,'Part Routes'!$I:$I,"")+COUNTIFS('Part Routes'!$B:$B,B21,'Part Routes'!$J:$J,"")))) -> 0 | T21: =IF(B21="","",IF(M21="Assumed – to be confirmed",R21,0)) -> 0
A22: DRAWING SOURCE DRAFT | B22: MNH-01 | C22: Manhole Assembly | D22: HE | E22: Nozzles | F22: Bought + fabricated in-house | G22: Assembly (made of other parts) | H22: Per approved manhole drawing | I22: ID/NB, neck, cover, flange, bolting, gasket, quantity | J22: Sum of child parts | K22: A | L22: No | M22: Client / QAP requirement | P22: Draft | Q22: SP40 overall material list references four ID590 manholes to SP40-02-02-11-02. | R22: =IF(B22="","",COUNTIF('Part Routes'!$B:$B,B22)) -> 0 | S22: =IF(B22="","",IF(D22="PV",COUNTIFS('Part Routes'!$B:$B,B22,'Part Routes'!$I:$I,""),IF(D22="HE",COUNTIFS('Part Routes'!$B:$B,B22,'Part Routes'!$J:$J,""),COUNTIFS('Part Routes'!$B:$B,B22,'Part Routes'!$I:$I,"")+COUNTIFS('Part Routes'!$B:$B,B22,'Part Routes'!$J:$J,"")))) -> 0 | T22: =IF(B22="","",IF(M22="Assumed – to be confirmed",R22,0)) -> 0
A23: DRAWING SOURCE DRAFT | B23: HNH-01 | C23: Handhole Assembly | D23: HE | E23: Nozzles | F23: Bought + fabricated in-house | G23: Assembly (made of other parts) | H23: Per approved handhole drawing | I23: NB, neck, cover, flange, bolting, gasket, quantity | J23: Sum of child parts | K23: A | L23: No | M23: Client / QAP requirement | P23: Draft | Q23: SP40 overall material list references one NB300 handhole. | R23: =IF(B23="","",COUNTIF('Part Routes'!$B:$B,B23)) -> 0 | S23: =IF(B23="","",IF(D23="PV",COUNTIFS('Part Routes'!$B:$B,B23,'Part Routes'!$I:$I,""),IF(D23="HE",COUNTIFS('Part Routes'!$B:$B,B23,'Part Routes'!$J:$J,""),COUNTIFS('Part Routes'!$B:$B,B23,'Part Routes'!$I:$I,"")+COUNTIFS('Part Routes'!$B:$B,B23,'Part Routes'!$J:$J,"")))) -> 0 | T23: =IF(B23="","",IF(M23="Assumed – to be confirmed",R23,0)) -> 0
A24: DRAWING SOURCE DRAFT | B24: VGL-01 | C24: View Glass | D24: HE | E24: Nozzles | F24: Bought-out | G24: Standard item (catalogue) | H24: Toughened borosilicate | I24: diameter, thickness, rating, quantity | J24: Catalogue weight (per piece) | K24: A | L24: Yes | M24: Client / QAP requirement | P24: Draft | Q24: SP40-02-02-11-03 Rev.0; three view-glass assemblies in overall material list. | R24: =IF(B24="","",COUNTIF('Part Routes'!$B:$B,B24)) -> 0 | S24: =IF(B24="","",IF(D24="PV",COUNTIFS('Part Routes'!$B:$B,B24,'Part Routes'!$I:$I,""),IF(D24="HE",COUNTIFS('Part Routes'!$B:$B,B24,'Part Routes'!$J:$J,""),COUNTIFS('Part Routes'!$B:$B,B24,'Part Routes'!$I:$I,"")+COUNTIFS('Part Routes'!$B:$B,B24,'Part Routes'!$J:$J,"")))) -> 0 | T24: =IF(B24="","",IF(M24="Assumed – to be confirmed",R24,0)) -> 0
A25: DRAWING SOURCE DRAFT | B25: NCG-01 | C25: NCG Box Assembly | D25: HE | E25: Internals | F25: Made in-house | G25: Assembly (made of other parts) | H25: SA240 S32205 | I25: effect/location, plate dimensions, tube-sheet interface, quantity | J25: Sum of child parts | K25: A | L25: No | M25: Client / QAP requirement | P25: Draft | Q25: SP40-02-03-04-006 Rev.0 defines Effect 1.1, 2.1 and 3.1 NCG boxes. | R25: =IF(B25="","",COUNTIF('Part Routes'!$B:$B,B25)) -> 0 | S25: =IF(B25="","",IF(D25="PV",COUNTIFS('Part Routes'!$B:$B,B25,'Part Routes'!$I:$I,""),IF(D25="HE",COUNTIFS('Part Routes'!$B:$B,B25,'Part Routes'!$J:$J,""),COUNTIFS('Part Routes'!$B:$B,B25,'Part Routes'!$I:$I,"")+COUNTIFS('Part Routes'!$B:$B,B25,'Part Routes'!$J:$J,"")))) -> 0 | T25: =IF(B25="","",IF(M25="Assumed – to be confirmed",R25,0)) -> 0
A26: DRAWING SOURCE DRAFT | B26: JTB-01 | C26: J Tube | D26: HE | E26: Internals | F26: Made in-house | G26: Pipe | H26: SA790 S32205 | I26: OD, thickness, developed/cut length, bend geometry, quantity | J26: Pipe / Tube (OD, T, L) | K26: A | L26: No | M26: Client / QAP requirement | P26: Draft | Q26: SP40-02-03-04-007 Rev.0 NCG nozzle and J-tube details. | R26: =IF(B26="","",COUNTIF('Part Routes'!$B:$B,B26)) -> 0 | S26: =IF(B26="","",IF(D26="PV",COUNTIFS('Part Routes'!$B:$B,B26,'Part Routes'!$I:$I,""),IF(D26="HE",COUNTIFS('Part Routes'!$B:$B,B26,'Part Routes'!$J:$J,""),COUNTIFS('Part Routes'!$B:$B,B26,'Part Routes'!$I:$I,"")+COUNTIFS('Part Routes'!$B:$B,B26,'Part Routes'!$J:$J,"")))) -> 0 | T26: =IF(B26="","",IF(M26="Assumed – to be confirmed",R26,0)) -> 0
... A34: DRAWING SOURCE DRAFT | B34: SUP-01 | C34: Support Plate | D34: HE | E34: Internals | F34: Made in-house | G34: Plate | H34: SA240 S32205 | I34: profile, thickness, quantity | J34: Plate (L x W x T) | K34: A | L34: No | M34: Client / QAP requirement | P34: Draft | Q34: Support plates shown in SP40 demister/internal details; route not stated. | R34: =IF(B34="","",COUNTIF('Part Routes'!$B:$B,B34)) -> 0 | S34: =IF(B34="","",IF(D34="PV",COUNTIFS('Part Routes'!$B:$B,B34,'Part Routes'!$I:$I,""),IF(D34="HE",COUNTIFS('Part Routes'!$B:$B,B34,'Part Routes'!$J:$J,""),COUNTIFS('Part Routes'!$B:$B,B34,'Part Routes'!$I:$I,"")+COUNTIFS('Part Routes'!$B:$B,B34,'Part Routes'!$J:$J,"")))) -> 0 | T34: =IF(B34="","",IF(M34="Assumed – to be confirmed",R34,0)) -> 0
A35: PV DRAWING SOURCE | B35: SKT-01 | C35: Skirt Shell | D35: PV | E35: Externals / Supports | F35: Made in-house | G35: Plate | H35: SA 516 Gr.70 | I35: Thickness, width, developed length, vessel/skirt diameter | J35: Rolled shell (ID, T, L) | K35: A | L35: No | M35: Assumed – to be confirmed | N35: Precise Engineers | O35: Pending – Production Head | P35: Draft | Q35: Drawing item 201; 16T × 837W × 7499 developed length; 789 kg | R35: =COUNTIF('Part Routes'!$B:$B,B35) -> 9 | S35: =COUNTIFS('Part Routes'!$B:$B,B35,'Part Routes'!$I:$I,"") -> 0 | T35: =COUNTIFS('Part Routes'!$B:$B,B35,'Part Routes'!$R:$R,"*PROPOSED*") -> 9
A36: PV DRAWING SOURCE | B36: SBR-01 | C36: Skirt Base Ring | D36: PV | E36: Externals / Supports | F36: Made in-house | G36: Plate | H36: IS 2062 E250B | I36: Thickness, ID, OD, bolt-hole count/PCD | J36: Ring / Flange (OD, ID, T) | K36: A | L36: No | M36: Assumed – to be confirmed | N36: Precise Engineers | O36: Pending – Production Head | P36: Draft | Q36: Drawing item 202; 32T × 2240 ID × 2700 OD; 448 kg | R36: =COUNTIF('Part Routes'!$B:$B,B36) -> 6 | S36: =COUNTIFS('Part Routes'!$B:$B,B36,'Part Routes'!$I:$I,"") -> 0 | T36: =COUNTIFS('Part Routes'!$B:$B,B36,'Part Routes'!$R:$R,"*PROPOSED*") -> 6
A37: PV DRAWING SOURCE | B37: GSP-02 | C37: Gusset Plate (PV Support) | D37: PV | E37: Externals / Supports | F37: Made in-house | G37: Plate | H37: IS 2062 E250B | I37: Thickness, width, length, profile, quantity | J37: Plate (L x W x T) | K37: A | L37: No | M37: Assumed – to be confirmed | N37: Precise Engineers | O37: Pending – Production Head | P37: Draft | Q37: Drawing item 203; qty 32; 12T × 150W × 151 length | R37: =COUNTIF('Part Routes'!$B:$B,B37) -> 6 | S37: =COUNTIFS('Part Routes'!$B:$B,B37,'Part Routes'!$I:$I,"") -> 0 | T37: =COUNTIFS('Part Routes'!$B:$B,B37,'Part Routes'!$R:$R,"*PROPOSED*") -> 6
A38: PV DRAWING SOURCE | B38: ERT-01 | C38: Earthing Plate | D38: PV | E38: Externals / Supports | F38: Made in-house | G38: Plate | H38: SS 304 | I38: Thickness, width, length, hole size/count | J38: Plate (L x W x T) | K38: A | L38: No | M38: Assumed – to be confirmed | N38: Precise Engineers | O38: Pending – Production Head | P38: Draft | Q38: Drawing item 204; qty 2; detail requires four holes | R38: =COUNTIF('Part Routes'!$B:$B,B38) -> 6 | S38: =COUNTIFS('Part Routes'!$B:$B,B38,'Part Routes'!$I:$I,"") -> 0 | T38: =COUNTIFS('Part Routes'!$B:$B,B38,'Part Routes'!$R:$R,"*PROPOSED*") -> 6
A39: PV DRAWING SOURCE | B39: RFP-02 | C39: Nozzle Reinforcement Pad | D39: PV | E39: Nozzles | F39: Made in-house | G39: Plate | H39: SA 516 Gr.70 | I39: Thickness, OD, ID, vent-hole size, curvature | J39: Ring / Flange (OD, ID, T) | K39: A | L39: No | M39: Assumed – to be confirmed | N39: Precise Engineers | O39: Pending – Production Head | P39: Draft | Q39: Drawing item 205A; final dimension unclear in source crop | R39: =COUNTIF('Part Routes'!$B:$B,B39) -> 6 | S39: =COUNTIFS('Part Routes'!$B:$B,B39,'Part Routes'!$I:$I,"") -> 0 | T39: =COUNTIFS('Part Routes'!$B:$B,B39,'Part Routes'!$R:$R,"*PROPOSED*") -> 6
A40: PV DRAWING SOURCE | B40: ELB-01 | C40: Nozzle Elbow | D40: PV | E40: Nozzles | F40: Bought-out | G40: Pipe fitting | H40: SA 234 WPB | I40: DN/NPS, schedule, angle, radius | J40: Catalogue weight (per piece) | K40: A | L40: No | M40: Assumed – to be confirmed | N40: Precise Engineers | O40: Pending – Production Head | P40: Draft | Q40: Drawing item 208; DN25 Sch XXS 90° LR | R40: =COUNTIF('Part Routes'!$B:$B,B40) -> 3 | S40: =COUNTIFS('Part Routes'!$B:$B,B40,'Part Routes'!$I:$I,"") -> 0 | T40: =COUNTIFS('Part Routes'!$B:$B,B40,'Part Routes'!$R:$R,"*PROPOSED*") -> 3
A41: PV DRAWING SOURCE | B41: STF-01 | C41: Nozzle Stiffener | D41: PV | E41: Nozzles | F41: Made in-house | G41: Plate | H41: SA 516 Gr.70 | I41: Thickness, width, length, profile, quantity | J41: Plate (L x W x T) | K41: A | L41: No | M41: Assumed – to be confirmed | N41: Precise Engineers | O41: Pending – Production Head | P41: Draft | Q41: Drawing items 210 and 212; item 210 weight unclear | R41: =COUNTIF('Part Routes'!$B:$B,B41) -> 6 | S41: =COUNTIFS('Part Routes'!$B:$B,B41,'Part Routes'!$I:$I,"") -> 0 | T41: =COUNTIFS('Part Routes'!$B:$B,B41,'Part Routes'!$R:$R,"*PROPOSED*") -> 6
A42: PV DRAWING SOURCE | B42: SRN-01 | C42: Self-Reinforced Nozzle | D42: PV | E42: Nozzles | F42: Bought + machined in-house | G42: Forging | H42: SA 266 Gr.2 | I42: Tag, OD/ID, neck length, flange interface, contour | J42: Catalogue weight (per piece) | K42: A | L42: No | M42: Assumed – to be confirmed | N42: Precise Engineers | O42: Pending – Production Head | P42: Draft | Q42: Drawing items 214 and 217; machine as detailed | R42: =COUNTIF('Part Routes'!$B:$B,B42) -> 4 | S42: =COUNTIFS('Part Routes'!$B:$B,B42,'Part Routes'!$I:$I,"") -> 0 | T42: =COUNTIFS('Part Routes'!$B:$B,B42,'Part Routes'!$R:$R,"*PROPOSED*") -> 4
A43: PV DRAWING SOURCE | B43: CPL-01 | C43: Coupling with Plug | D43: PV | E43: Nozzles | F43: Bought + machined in-house | G43: Forging | H43: SA 105 | I43: DN/NPS, pressure rating, thread, projection | J43: Catalogue weight (per piece) | K43: A | L43: No | M43: Assumed – to be confirmed | N43: Precise Engineers | O43: Pending – Production Head | P43: Draft | Q43: Drawing items 215 and 244; DN15 6000# BSP | R43: =COUNTIF('Part Routes'!$B:$B,B43) -> 4 | S43: =COUNTIFS('Part Routes'!$B:$B,B43,'Part Routes'!$I:$I,"") -> 0 | T43: =COUNTIFS('Part Routes'!$B:$B,B43,'Part Routes'!$R:$R,"*PROPOSED*") -> 4
A44: PV DRAWING SOURCE | B44: BFL-01 | C44: Blind Flange | D44: PV | E44: Flanges | F44: Bought-out | G44: Forging | H44: SA 105 | I44: DN/NPS, class, facing, thickness, bolting | J44: Catalogue weight (per piece) | K44: A | L44: No | M44: Assumed – to be confirmed | N44: Precise Engineers | O44: Pending – Production Head | P44: Draft | Q44: Drawing item 218; DN450 Class 300 RF; 181 kg | R44: =COUNTIF('Part Routes'!$B:$B,B44) -> 3 | S44: =COUNTIFS('Part Routes'!$B:$B,B44,'Part Routes'!$I:$I,"") -> 0 | T44: =COUNTIFS('Part Routes'!$B:$B,B44,'Part Routes'!$R:$R,"*PROPOSED*") -> 3
A45: PV DRAWING SOURCE | B45: HOK-01 | C45: Square Bar Hook | D45: PV | E45: Externals / Supports | F45: Made in-house | G45: Bar / Rod | H45: SA 516 Gr.70 | I45: Square size, developed length, bend radius | J45: Bar / Rod (Dia, L) | K45: A | L45: No | M45: Assumed – to be confirmed | N45: Precise Engineers | O45: Pending – Production Head | P45: Draft | Q45: Drawing item 221; square 28 × 400 developed length | R45: =COUNTIF('Part Routes'!$B:$B,B45) -> 5 | S45: =COUNTIFS('Part Routes'!$B:$B,B45,'Part Routes'!$I:$I,"") -> 0 | T45: =COUNTIFS('Part Routes'!$B:$B,B45,'Part Routes'!$R:$R,"*PROPOSED*") -> 5
A46: PV DRAWING SOURCE | B46: EYE-01 | C46: Eye Bolt | D46: PV | E46: Externals / Supports | F46: Made in-house | G46: Bar / Rod | H46: IS 2062 E250B | I46: Rod diameter, developed length, eye diameter, thread | J46: Bar / Rod (Dia, L) | K46: A | L46: No | M46: Assumed – to be confirmed | N46: Precise Engineers | O46: Pending – Production Head | P46: Draft | Q46: Drawing item 222; dia 25 × 500 developed length | R46: =COUNTIF('Part Routes'!$B:$B,B46) -> 5 | S46: =COUNTIFS('Part Routes'!$B:$B,B46,'Part Routes'!$I:$I,"") -> 0 | T46: =COUNTIFS('Part Routes'!$B:$B,B46,'Part Routes'!$R:$R,"*PROPOSED*") -> 5
... A64: PV DRAWING SOURCE | B64: FBL-01 | C64: Foundation Bolt with Nut & Washer | D64: PV | E64: Externals / Supports | F64: Bought-out | G64: Standard item (catalogue) | H64: IS 1367 Gr.8.8 | I64: Thread diameter, length, bend/anchor detail, nut/washer standard | J64: Catalogue weight (per piece) | K64: A | L64: No | M64: Assumed – to be confirmed | N64: Precise Engineers | O64: Pending – Production Head | P64: Draft | Q64: Drawing item 243; qty 16; M36 × 580 length | R64: =COUNTIF('Part Routes'!$B:$B,B64) -> 3 | S64: =COUNTIFS('Part Routes'!$B:$B,B64,'Part Routes'!$I:$I,"") -> 0 | T64: =COUNTIFS('Part Routes'!$B:$B,B64,'Part Routes'!$R:$R,"*PROPOSED*") -> 3
R65: =IF(B65="","",COUNTIF('Part Routes'!$B:$B,B65)) | S65: =IF(B65="","",IF(D65="PV",COUNTIFS('Part Routes'!$B:$B,B65,'Part Routes'!$I:$I,""),IF(D65="HE",COUNTIFS('Part Routes'!$B:$B,B65,'Part Routes'!$J:$J,""),COUNTIFS('Part Routes'!$B:$B,B65,'Part Routes'!$I:$I,"")+COUNTIFS('Part Routes'!$B:$B,B65,'Part Routes'!$J:$J,"")))) | T65: =IF(B65="","",IF(M65="Assumed – to be confirmed",R65,0))
R66: =IF(B66="","",COUNTIF('Part Routes'!$B:$B,B66)) | S66: =IF(B66="","",IF(D66="PV",COUNTIFS('Part Routes'!$B:$B,B66,'Part Routes'!$I:$I,""),IF(D66="HE",COUNTIFS('Part Routes'!$B:$B,B66,'Part Routes'!$J:$J,""),COUNTIFS('Part Routes'!$B:$B,B66,'Part Routes'!$I:$I,"")+COUNTIFS('Part Routes'!$B:$B,B66,'Part Routes'!$J:$J,"")))) | T66: =IF(B66="","",IF(M66="Assumed – to be confirmed",R66,0))
R67: =IF(B67="","",COUNTIF('Part Routes'!$B:$B,B67)) | S67: =IF(B67="","",IF(D67="PV",COUNTIFS('Part Routes'!$B:$B,B67,'Part Routes'!$I:$I,""),IF(D67="HE",COUNTIFS('Part Routes'!$B:$B,B67,'Part Routes'!$J:$J,""),COUNTIFS('Part Routes'!$B:$B,B67,'Part Routes'!$I:$I,"")+COUNTIFS('Part Routes'!$B:$B,B67,'Part Routes'!$J:$J,"")))) | T67: =IF(B67="","",IF(M67="Assumed – to be confirmed",R67,0))
R68: =IF(B68="","",COUNTIF('Part Routes'!$B:$B,B68)) | S68: =IF(B68="","",IF(D68="PV",COUNTIFS('Part Routes'!$B:$B,B68,'Part Routes'!$I:$I,""),IF(D68="HE",COUNTIFS('Part Routes'!$B:$B,B68,'Part Routes'!$J:$J,""),COUNTIFS('Part Routes'!$B:$B,B68,'Part Routes'!$I:$I,"")+COUNTIFS('Part Routes'!$B:$B,B68,'Part Routes'!$J:$J,"")))) | T68: =IF(B68="","",IF(M68="Assumed – to be confirmed",R68,0))
R69: =IF(B69="","",COUNTIF('Part Routes'!$B:$B,B69)) | S69: =IF(B69="","",IF(D69="PV",COUNTIFS('Part Routes'!$B:$B,B69,'Part Routes'!$I:$I,""),IF(D69="HE",COUNTIFS('Part Routes'!$B:$B,B69,'Part Routes'!$J:$J,""),COUNTIFS('Part Routes'!$B:$B,B69,'Part Routes'!$I:$I,"")+COUNTIFS('Part Routes'!$B:$B,B69,'Part Routes'!$J:$J,"")))) | T69: =IF(B69="","",IF(M69="Assumed – to be confirmed",R69,0))
R70: =IF(B70="","",COUNTIF('Part Routes'!$B:$B,B70)) | S70: =IF(B70="","",IF(D70="PV",COUNTIFS('Part Routes'!$B:$B,B70,'Part Routes'!$I:$I,""),IF(D70="HE",COUNTIFS('Part Routes'!$B:$B,B70,'Part Routes'!$J:$J,""),COUNTIFS('Part Routes'!$B:$B,B70,'Part Routes'!$I:$I,"")+COUNTIFS('Part Routes'!$B:$B,B70,'Part Routes'!$J:$J,"")))) | T70: =IF(B70="","",IF(M70="Assumed – to be confirmed",R70,0))
R71: =IF(B71="","",COUNTIF('Part Routes'!$B:$B,B71)) | S71: =IF(B71="","",IF(D71="PV",COUNTIFS('Part Routes'!$B:$B,B71,'Part Routes'!$I:$I,""),IF(D71="HE",COUNTIFS('Part Routes'!$B:$B,B71,'Part Routes'!$J:$J,""),COUNTIFS('Part Routes'!$B:$B,B71,'Part Routes'!$I:$I,"")+COUNTIFS('Part Routes'!$B:$B,B71,'Part Routes'!$J:$J,"")))) | T71: =IF(B71="","",IF(M71="Assumed – to be confirmed",R71,0))
R72: =IF(B72="","",COUNTIF('Part Routes'!$B:$B,B72)) | S72: =IF(B72="","",IF(D72="PV",COUNTIFS('Part Routes'!$B:$B,B72,'Part Routes'!$I:$I,""),IF(D72="HE",COUNTIFS('Part Routes'!$B:$B,B72,'Part Routes'!$J:$J,""),COUNTIFS('Part Routes'!$B:$B,B72,'Part Routes'!$I:$I,"")+COUNTIFS('Part Routes'!$B:$B,B72,'Part Routes'!$J:$J,"")))) | T72: =IF(B72="","",IF(M72="Assumed – to be confirmed",R72,0))
R73: =IF(B73="","",COUNTIF('Part Routes'!$B:$B,B73)) | S73: =IF(B73="","",IF(D73="PV",COUNTIFS('Part Routes'!$B:$B,B73,'Part Routes'!$I:$I,""),IF(D73="HE",COUNTIFS('Part Routes'!$B:$B,B73,'Part Routes'!$J:$J,""),COUNTIFS('Part Routes'!$B:$B,B73,'Part Routes'!$I:$I,"")+COUNTIFS('Part Routes'!$B:$B,B73,'Part Routes'!$J:$J,"")))) | T73: =IF(B73="","",IF(M73="Assumed – to be confirmed",R73,0))
R74: =IF(B74="","",COUNTIF('Part Routes'!$B:$B,B74)) | S74: =IF(B74="","",IF(D74="PV",COUNTIFS('Part Routes'!$B:$B,B74,'Part Routes'!$I:$I,""),IF(D74="HE",COUNTIFS('Part Routes'!$B:$B,B74,'Part Routes'!$J:$J,""),COUNTIFS('Part Routes'!$B:$B,B74,'Part Routes'!$I:$I,"")+COUNTIFS('Part Routes'!$B:$B,B74,'Part Routes'!$J:$J,"")))) | T74: =IF(B74="","",IF(M74="Assumed – to be confirmed",R74,0))
R75: =IF(B75="","",COUNTIF('Part Routes'!$B:$B,B75)) | S75: =IF(B75="","",IF(D75="PV",COUNTIFS('Part Routes'!$B:$B,B75,'Part Routes'!$I:$I,""),IF(D75="HE",COUNTIFS('Part Routes'!$B:$B,B75,'Part Routes'!$J:$J,""),COUNTIFS('Part Routes'!$B:$B,B75,'Part Routes'!$I:$I,"")+COUNTIFS('Part Routes'!$B:$B,B75,'Part Routes'!$J:$J,"")))) | T75: =IF(B75="","",IF(M75="Assumed – to be confirmed",R75,0))
R76: =IF(B76="","",COUNTIF('Part Routes'!$B:$B,B76)) | S76: =IF(B76="","",IF(D76="PV",COUNTIFS('Part Routes'!$B:$B,B76,'Part Routes'!$I:$I,""),IF(D76="HE",COUNTIFS('Part Routes'!$B:$B,B76,'Part Routes'!$J:$J,""),COUNTIFS('Part Routes'!$B:$B,B76,'Part Routes'!$I:$I,"")+COUNTIFS('Part Routes'!$B:$B,B76,'Part Routes'!$J:$J,"")))) | T76: =IF(B76="","",IF(M76="Assumed – to be confirmed",R76,0))
... R309: =IF(B309="","",COUNTIF('Part Routes'!$B:$B,B309)) | S309: =IF(B309="","",IF(D309="PV",COUNTIFS('Part Routes'!$B:$B,B309,'Part Routes'!$I:$I,""),IF(D309="HE",COUNTIFS('Part Routes'!$B:$B,B309,'Part Routes'!$J:$J,""),COUNTIFS('Part Routes'!$B:$B,B309,'Part Routes'!$I:$I,"")+COUNTIFS('Part Routes'!$B:$B,B309,'Part Routes'!$J:$J,"")))) | T309: =IF(B309="","",IF(M309="Assumed – to be confirmed",R309,0))

Sheet Part Routes
A1: HE + PV ROUTES — LIGHT-YELLOW PV ROUTES USE FIXED OPERATIONS AND APPROVED PV STAGE NUMBERS; PROPOSED TIMES REQUIRE SHOP VALIDATION.
A2: One row per step, numbered 10, 20, 30… Use only operations from the dropdown; anything else goes in 'New Operations'. 'Counts toward Stage No.' is the whole-equipment stage this step belongs to (see 'PV Stages (ref)' and 'HE Stages'); fill both columns for parts used in PV and HE. If a part can be made in two ways, repeat its steps as Variant B. Hold points are not needed here; they come from each job's QAP.
A4: Example? | B4: Part Code | C4: Part Name (auto) | D4: Variant | E4: Seq | F4: Operation | G4: What is done in this step | H4: Department | I4: Counts toward PV Stage No. | J4: Counts toward HE Stage No. | K4: Std. Time | L4: Time Unit | M4: Time Basis | N4: Conditional? | O4: When does it apply? | P4: Acceptance Standard | Q4: Record / Document | R4: Remarks
A5: PILOT – SOURCE DRAFT | B5: SHL-01 | C5: =IF(B5="","",IFERROR(INDEX('Parts Master'!$C:$C,MATCH(B5,'Parts Master'!$B:$B,0)),"Part Code not in Parts Master")) -> Shell Course | D5: A | E5: 10 | F5: Receipt | G5: Plate received and GRN prepared | H5: Stores | I5: 10 | J5: 11 | K5: 0.5 | L5: Hours | M5: Per material lot | N5: No | P5: PO/BOM, packing list and visible condition acceptable | Q5: GRN / incoming inspection record | R5: PROPOSED TIME / STAGE — validate by time study and approve before tracker load.
A6: PILOT – SOURCE DRAFT | B6: SHL-01 | C6: =IF(B6="","",IFERROR(INDEX('Parts Master'!$C:$C,MATCH(B6,'Parts Master'!$B:$B,0)),"Part Code not in Parts Master")) -> Shell Course | D6: A | E6: 20 | F6: MTC Verification / Material Identification | G6: MTC reviewed and heat number transferred | H6: Quality Control / QA | I6: 11 | J6: 12 | K6: 0.75 | L6: Hours | M6: Per material lot | N6: No | P6: Material specification, grade, heat/lot and traceability match PO/BOM | Q6: MTC review / PMI / traceability record | R6: PROPOSED TIME / STAGE — validate by time study and approve before tracker load.
A7: PILOT – SOURCE DRAFT | B7: SHL-01 | C7: =IF(B7="","",IFERROR(INDEX('Parts Master'!$C:$C,MATCH(B7,'Parts Master'!$B:$B,0)),"Part Code not in Parts Master")) -> Shell Course | D7: A | E7: 30 | F7: Cutting / Blanking | G7: Plate cut to developed size | H7: Fabrication Prep | I7: 12 | J7: 13 | K7: 0.3 | L7: Hours | M7: Per metre of cut | N7: No | P7: Cut size and identification meet approved drawing/cutting plan | Q7: Cutting report / material traceability | R7: PROPOSED TIME / STAGE — validate by time study and approve before tracker load.
A8: PILOT – SOURCE DRAFT | B8: SHL-01 | C8: =IF(B8="","",IFERROR(INDEX('Parts Master'!$C:$C,MATCH(B8,'Parts Master'!$B:$B,0)),"Part Code not in Parts Master")) -> Shell Course | D8: A | E8: 40 | F8: Edge Preparation / Beveling | G8: Long-seam edges prepared | H8: Fabrication Prep | I8: 12 | J8: 13 | K8: 0.35 | L8: Hours | M8: Per metre of edge | N8: No | P8: Bevel geometry and cleanliness meet drawing/WPS | Q8: Fit-up / bevel inspection report | R8: PROPOSED TIME / STAGE — validate by time study and approve before tracker load.
A9: PILOT – SOURCE DRAFT | B9: SHL-01 | C9: =IF(B9="","",IFERROR(INDEX('Parts Master'!$C:$C,MATCH(B9,'Parts Master'!$B:$B,0)),"Part Code not in Parts Master")) -> Shell Course | D9: A | E9: 50 | F9: Rolling | G9: Plate rolled to specified diameter | H9: Fabrication Prep | I9: 13 | J9: 14 | K9: 4 | L9: Hours | M9: Per piece | N9: No | P9: Diameter, roundness and straightness within approved drawing tolerance | Q9: Dimensional inspection report | R9: PROPOSED TIME / STAGE — validate by time study and approve before tracker load.
A10: PILOT – SOURCE DRAFT | B10: SHL-01 | C10: =IF(B10="","",IFERROR(INDEX('Parts Master'!$C:$C,MATCH(B10,'Parts Master'!$B:$B,0)),"Part Code not in Parts Master")) -> Shell Course | D10: A | E10: 60 | F10: Fit-up | G10: Long seam aligned and fitted | H10: Fabrication / Welding | I10: 19 | J10: 14 | K10: 1.5 | L10: Hours | M10: Per joint | N10: No | P10: Alignment, root gap, offset and orientation meet WPS/drawing | Q10: Fit-up report | R10: PROPOSED TIME / STAGE — validate by time study and approve before tracker load.
A11: PILOT – SOURCE DRAFT | B11: SHL-01 | C11: =IF(B11="","",IFERROR(INDEX('Parts Master'!$C:$C,MATCH(B11,'Parts Master'!$B:$B,0)),"Part Code not in Parts Master")) -> Shell Course | D11: A | E11: 70 | F11: Welding | G11: Long seam welded to approved WPS | H11: Fabrication / Welding | I11: 20 | J11: 15 | K11: 1.2 | L11: Hours | M11: Per metre of weld | N11: No | P11: Weld completed to approved WPS by qualified welder; visual acceptable | Q11: Weld log / WPS / WPQ | R11: PROPOSED TIME / STAGE — validate by time study and approve before tracker load.
A12: PILOT – SOURCE DRAFT | B12: SHL-01 | C12: =IF(B12="","",IFERROR(INDEX('Parts Master'!$C:$C,MATCH(B12,'Parts Master'!$B:$B,0)),"Part Code not in Parts Master")) -> Shell Course | D12: A | E12: 80 | F12: NDT | G12: Long seam examined by specified NDE | H12: Quality Control / QA | I12: 17 | J12: 16 | K12: 1 | L12: Hours | M12: Per joint | N12: Yes | O12: Extent and method as job QAP | P12: Specified method and extent accepted to applicable code/QAP | Q12: NDE report | R12: PROPOSED TIME / STAGE — validate by time study and approve before tracker load.
A13: PILOT – SOURCE DRAFT | B13: SHL-01 | C13: =IF(B13="","",IFERROR(INDEX('Parts Master'!$C:$C,MATCH(B13,'Parts Master'!$B:$B,0)),"Part Code not in Parts Master")) -> Shell Course | D13: A | E13: 90 | F13: Inspection | G13: Visual and dimensional inspection | H13: Quality Control / QA | I13: 21 | J13: 16 | K13: 0.75 | L13: Hours | M13: Per piece | N13: No | P13: Visual and dimensional results meet approved drawing/QAP | Q13: Dimensional / final inspection report | R13: PROPOSED TIME / STAGE — validate by time study and approve before tracker load.
A14: PILOT – SOURCE DRAFT | B14: HED-01 | C14: =IF(B14="","",IFERROR(INDEX('Parts Master'!$C:$C,MATCH(B14,'Parts Master'!$B:$B,0)),"Part Code not in Parts Master")) -> Dished End | D14: A | E14: 10 | F14: Receipt | G14: Head plate or formed head received | H14: Stores | I14: 10 | J14: 11 | K14: 0.5 | L14: Hours | M14: Per material lot | N14: No | P14: PO/BOM, packing list and visible condition acceptable | Q14: GRN / incoming inspection record | R14: PROPOSED TIME / STAGE — validate by time study and approve before tracker load.
A15: PILOT – SOURCE DRAFT | B15: HED-01 | C15: =IF(B15="","",IFERROR(INDEX('Parts Master'!$C:$C,MATCH(B15,'Parts Master'!$B:$B,0)),"Part Code not in Parts Master")) -> Dished End | D15: A | E15: 20 | F15: MTC Verification / Material Identification | G15: MTC and traceability verified | H15: Quality Control / QA | I15: 11 | J15: 12 | K15: 0.75 | L15: Hours | M15: Per material lot | N15: No | P15: Material specification, grade, heat/lot and traceability match PO/BOM | Q15: MTC review / PMI / traceability record | R15: PROPOSED TIME / STAGE — validate by time study and approve before tracker load.
A16: PILOT – SOURCE DRAFT | B16: HED-01 | C16: =IF(B16="","",IFERROR(INDEX('Parts Master'!$C:$C,MATCH(B16,'Parts Master'!$B:$B,0)),"Part Code not in Parts Master")) -> Dished End | D16: A | E16: 30 | F16: Cutting / Blanking | G16: Blank or petals cut to drawing | H16: Fabrication Prep | I16: 12 | J16: 13 | K16: 0.3 | L16: Hours | M16: Per metre of cut | N16: No | P16: Cut size and identification meet approved drawing/cutting plan | Q16: Cutting report / material traceability | R16: PROPOSED TIME / STAGE — validate by time study and approve before tracker load.
A17: PILOT – SOURCE DRAFT | B17: HED-01 | C17: =IF(B17="","",IFERROR(INDEX('Parts Master'!$C:$C,MATCH(B17,'Parts Master'!$B:$B,0)),"Part Code not in Parts Master")) -> Dished End | D17: A | E17: 40 | F17: Edge Preparation / Beveling | G17: Edges prepared for forming or welding | H17: Fabrication Prep | I17: 12 | J17: 13 | K17: 0.35 | L17: Hours | M17: Per metre of edge | N17: No | P17: Bevel geometry and cleanliness meet drawing/WPS | Q17: Fit-up / bevel inspection report | R17: PROPOSED TIME / STAGE — validate by time study and approve before tracker load.
A18: PILOT – SOURCE DRAFT | B18: HED-01 | C18: =IF(B18="","",IFERROR(INDEX('Parts Master'!$C:$C,MATCH(B18,'Parts Master'!$B:$B,0)),"Part Code not in Parts Master")) -> Dished End | D18: A | E18: 50 | F18: Forming / Pressing / Dishing | G18: Head formed to specified profile | H18: Fabrication Prep | I18: 13 | J18: 17 | K18: 16 | L18: Hours | M18: Per piece | N18: No | P18: Profile, minimum thickness and dimensions meet drawing/code | Q18: Forming and thickness/profile report | R18: PROPOSED TIME / STAGE — validate by time study and approve before tracker load.
A19: PILOT – SOURCE DRAFT | B19: HED-01 | C19: =IF(B19="","",IFERROR(INDEX('Parts Master'!$C:$C,MATCH(B19,'Parts Master'!$B:$B,0)),"Part Code not in Parts Master")) -> Dished End | D19: A | E19: 60 | F19: Grinding | G19: Trim and dress formed edge | H19: Fabrication Prep | I19: 13 | J19: 17 | K19: 0.4 | L19: Hours | M19: Per metre of edge | N19: No | P19: Surface smooth, defect-free and blended without under-thickness | Q19: Visual inspection record | R19: PROPOSED TIME / STAGE — validate by time study and approve before tracker load.
A20: PILOT – SOURCE DRAFT | B20: HED-01 | C20: =IF(B20="","",IFERROR(INDEX('Parts Master'!$C:$C,MATCH(B20,'Parts Master'!$B:$B,0)),"Part Code not in Parts Master")) -> Dished End | D20: A | E20: 70 | F20: Fit-up | G20: Segments or head seam fitted | H20: Fabrication / Welding | I20: 19 | J20: 25 | K20: 1.5 | L20: Hours | M20: Per joint | N20: Yes | O20: Only for segmented or welded construction | P20: Alignment, root gap, offset and orientation meet WPS/drawing | Q20: Fit-up report | R20: PROPOSED TIME / STAGE — validate by time study and approve before tracker load.
A21: PILOT – SOURCE DRAFT | B21: HED-01 | C21: =IF(B21="","",IFERROR(INDEX('Parts Master'!$C:$C,MATCH(B21,'Parts Master'!$B:$B,0)),"Part Code not in Parts Master")) -> Dished End | D21: A | E21: 80 | F21: Welding | G21: Segments or head seam welded | H21: Fabrication / Welding | I21: 20 | J21: 25 | K21: 1.2 | L21: Hours | M21: Per metre of weld | N21: Yes | O21: Only for segmented or welded construction | P21: Weld completed to approved WPS by qualified welder; visual acceptable | Q21: Weld log / WPS / WPQ | R21: PROPOSED TIME / STAGE — validate by time study and approve before tracker load.
A22: PILOT – SOURCE DRAFT | B22: HED-01 | C22: =IF(B22="","",IFERROR(INDEX('Parts Master'!$C:$C,MATCH(B22,'Parts Master'!$B:$B,0)),"Part Code not in Parts Master")) -> Dished End | D22: A | E22: 90 | F22: NDT | G22: Specified examination of welds or formed head | H22: Quality Control / QA | I22: 17 | J22: 17 | K22: 1 | L22: Hours | M22: Per joint | N22: Yes | O22: As required by drawing or QAP | P22: Specified method and extent accepted to applicable code/QAP | Q22: NDE report | R22: PROPOSED TIME / STAGE — validate by time study and approve before tracker load.
A23: PILOT – SOURCE DRAFT | B23: HED-01 | C23: =IF(B23="","",IFERROR(INDEX('Parts Master'!$C:$C,MATCH(B23,'Parts Master'!$B:$B,0)),"Part Code not in Parts Master")) -> Dished End | D23: A | E23: 100 | F23: Inspection | G23: Profile, thickness and dimensions checked | H23: Quality Control / QA | I23: 21 | J23: 17 | K23: 0.75 | L23: Hours | M23: Per piece | N23: No | P23: Visual and dimensional results meet approved drawing/QAP | Q23: Dimensional / final inspection report | R23: PROPOSED TIME / STAGE — validate by time study and approve before tracker load.
A24: PILOT – SOURCE DRAFT | B24: NOZ-01 | C24: =IF(B24="","",IFERROR(INDEX('Parts Master'!$C:$C,MATCH(B24,'Parts Master'!$B:$B,0)),"Part Code not in Parts Master")) -> Nozzle Neck | D24: A | E24: 10 | F24: Receipt | G24: Pipe or neck forging received | H24: Stores | I24: 10 | J24: 11 | K24: 0.5 | L24: Hours | M24: Per material lot | N24: No | P24: PO/BOM, packing list and visible condition acceptable | Q24: GRN / incoming inspection record | R24: PROPOSED TIME / STAGE — validate by time study and approve before tracker load.
A25: PILOT – SOURCE DRAFT | B25: NOZ-01 | C25: =IF(B25="","",IFERROR(INDEX('Parts Master'!$C:$C,MATCH(B25,'Parts Master'!$B:$B,0)),"Part Code not in Parts Master")) -> Nozzle Neck | D25: A | E25: 20 | F25: MTC Verification / Material Identification | G25: MTC and identification verified | H25: Quality Control / QA | I25: 11 | J25: 12 | K25: 0.75 | L25: Hours | M25: Per material lot | N25: No | P25: Material specification, grade, heat/lot and traceability match PO/BOM | Q25: MTC review / PMI / traceability record | R25: PROPOSED TIME / STAGE — validate by time study and approve before tracker load.
A26: PILOT – SOURCE DRAFT | B26: NOZ-01 | C26: =IF(B26="","",IFERROR(INDEX('Parts Master'!$C:$C,MATCH(B26,'Parts Master'!$B:$B,0)),"Part Code not in Parts Master")) -> Nozzle Neck | D26: A | E26: 30 | F26: Cutting / Blanking | G26: Neck cut to job length | H26: Fabrication Prep | I26: 12 | J26: 23 | K26: 0.3 | L26: Hours | M26: Per metre of cut | N26: No | P26: Cut size and identification meet approved drawing/cutting plan | Q26: Cutting report / material traceability | R26: PROPOSED TIME / STAGE — validate by time study and approve before tracker load.
A27: PILOT – SOURCE DRAFT | B27: NOZ-01 | C27: =IF(B27="","",IFERROR(INDEX('Parts Master'!$C:$C,MATCH(B27,'Parts Master'!$B:$B,0)),"Part Code not in Parts Master")) -> Nozzle Neck | D27: A | E27: 40 | F27: Machining | G27: Facing or bore machining completed | H27: Machine Shop | I27: 14 | J27: 23 | K27: 1 | L27: Hours | M27: Per piece | N27: Yes | O27: When drawing requires machining | P27: Dimensions, tolerances and surface finish meet approved drawing | Q27: Machining inspection report | R27: PROPOSED TIME / STAGE — validate by time study and approve before tracker load.
A28: PILOT – SOURCE DRAFT | B28: NOZ-01 | C28: =IF(B28="","",IFERROR(INDEX('Parts Master'!$C:$C,MATCH(B28,'Parts Master'!$B:$B,0)),"Part Code not in Parts Master")) -> Nozzle Neck | D28: A | E28: 50 | F28: Edge Preparation / Beveling | G28: Weld end bevel prepared | H28: Fabrication Prep | I28: 12 | J28: 23 | K28: 0.35 | L28: Hours | M28: Per metre of edge | N28: No | P28: Bevel geometry and cleanliness meet drawing/WPS | Q28: Fit-up / bevel inspection report | R28: PROPOSED TIME / STAGE — validate by time study and approve before tracker load.
A29: PILOT – SOURCE DRAFT | B29: NOZ-01 | C29: =IF(B29="","",IFERROR(INDEX('Parts Master'!$C:$C,MATCH(B29,'Parts Master'!$B:$B,0)),"Part Code not in Parts Master")) -> Nozzle Neck | D29: A | E29: 60 | F29: Fit-up | G29: Neck fitted to flange or equipment | H29: Fabrication / Welding | I29: 19 | J29: 26 | K29: 1.5 | L29: Hours | M29: Per joint | N29: No | P29: Alignment, root gap, offset and orientation meet WPS/drawing | Q29: Fit-up report | R29: PROPOSED TIME / STAGE — validate by time study and approve before tracker load.
A30: PILOT – SOURCE DRAFT | B30: NOZ-01 | C30: =IF(B30="","",IFERROR(INDEX('Parts Master'!$C:$C,MATCH(B30,'Parts Master'!$B:$B,0)),"Part Code not in Parts Master")) -> Nozzle Neck | D30: A | E30: 70 | F30: Welding | G30: Neck joint welded | H30: Fabrication / Welding | I30: 20 | J30: 26 | K30: 1.2 | L30: Hours | M30: Per metre of weld | N30: No | P30: Weld completed to approved WPS by qualified welder; visual acceptable | Q30: Weld log / WPS / WPQ | R30: PROPOSED TIME / STAGE — validate by time study and approve before tracker load.
A31: PILOT – SOURCE DRAFT | B31: NOZ-01 | C31: =IF(B31="","",IFERROR(INDEX('Parts Master'!$C:$C,MATCH(B31,'Parts Master'!$B:$B,0)),"Part Code not in Parts Master")) -> Nozzle Neck | D31: A | E31: 80 | F31: NDT | G31: Joint examined by specified method | H31: Quality Control / QA | I31: 17 | J31: 28 | K31: 1 | L31: Hours | M31: Per joint | N31: Yes | O31: As required by job QAP | P31: Specified method and extent accepted to applicable code/QAP | Q31: NDE report | R31: PROPOSED TIME / STAGE — validate by time study and approve before tracker load.
A32: PILOT – SOURCE DRAFT | B32: NOZ-01 | C32: =IF(B32="","",IFERROR(INDEX('Parts Master'!$C:$C,MATCH(B32,'Parts Master'!$B:$B,0)),"Part Code not in Parts Master")) -> Nozzle Neck | D32: A | E32: 90 | F32: Inspection | G32: Projection and dimensions checked | H32: Quality Control / QA | I32: 21 | J32: 26 | K32: 0.75 | L32: Hours | M32: Per piece | N32: No | P32: Visual and dimensional results meet approved drawing/QAP | Q32: Dimensional / final inspection report | R32: PROPOSED TIME / STAGE — validate by time study and approve before tracker load.
A33: PILOT – SOURCE DRAFT | B33: FLG-01 | C33: =IF(B33="","",IFERROR(INDEX('Parts Master'!$C:$C,MATCH(B33,'Parts Master'!$B:$B,0)),"Part Code not in Parts Master")) -> Nozzle Flange | D33: A | E33: 10 | F33: Receipt | G33: Purchased flange or forging received | H33: Stores | I33: 10 | J33: 11 | K33: 0.5 | L33: Hours | M33: Per material lot | N33: No | P33: PO/BOM, packing list and visible condition acceptable | Q33: GRN / incoming inspection record | R33: PROPOSED TIME / STAGE — validate by time study and approve before tracker load.
A34: PILOT – SOURCE DRAFT | B34: FLG-01 | C34: =IF(B34="","",IFERROR(INDEX('Parts Master'!$C:$C,MATCH(B34,'Parts Master'!$B:$B,0)),"Part Code not in Parts Master")) -> Nozzle Flange | D34: A | E34: 20 | F34: MTC Verification / Material Identification | G34: MTC, grade and traceability verified | H34: Quality Control / QA | I34: 11 | J34: 12 | K34: 0.75 | L34: Hours | M34: Per material lot | N34: No | P34: Material specification, grade, heat/lot and traceability match PO/BOM | Q34: MTC review / PMI / traceability record | R34: PROPOSED TIME / STAGE — validate by time study and approve before tracker load.
A35: PILOT – SOURCE DRAFT | B35: FLG-01 | C35: =IF(B35="","",IFERROR(INDEX('Parts Master'!$C:$C,MATCH(B35,'Parts Master'!$B:$B,0)),"Part Code not in Parts Master")) -> Nozzle Flange | D35: A | E35: 30 | F35: NDT | G35: Incoming UT or other NDE reviewed/performed | H35: Quality Control / QA | I35: 17 | J35: 12 | K35: 1 | L35: Hours | M35: Per joint | N35: Yes | O35: If required for forging or by job specification | P35: Specified method and extent accepted to applicable code/QAP | Q35: NDE report | R35: PROPOSED TIME / STAGE — validate by time study and approve before tracker load.
A36: PILOT – SOURCE DRAFT | B36: FLG-01 | C36: =IF(B36="","",IFERROR(INDEX('Parts Master'!$C:$C,MATCH(B36,'Parts Master'!$B:$B,0)),"Part Code not in Parts Master")) -> Nozzle Flange | D36: A | E36: 40 | F36: Machining | G36: Bore, facing, drilling and final machining completed | H36: Machine Shop | I36: 14 | J36: 23 | K36: 2 | L36: Hours | M36: Per piece | N36: Yes | O36: If supplied rough or job machining is required | P36: Dimensions, tolerances and surface finish meet approved drawing | Q36: Machining inspection report | R36: PROPOSED TIME / STAGE — validate by time study and approve before tracker load.
A37: PILOT – SOURCE DRAFT | B37: FLG-01 | C37: =IF(B37="","",IFERROR(INDEX('Parts Master'!$C:$C,MATCH(B37,'Parts Master'!$B:$B,0)),"Part Code not in Parts Master")) -> Nozzle Flange | D37: A | E37: 50 | F37: Inspection | G37: Rating, facing and dimensions checked | H37: Quality Control / QA | I37: 21 | J37: 23 | K37: 0.75 | L37: Hours | M37: Per piece | N37: No | P37: Visual and dimensional results meet approved drawing/QAP | Q37: Dimensional / final inspection report | R37: PROPOSED TIME / STAGE — validate by time study and approve before tracker load.
A38: PILOT – SOURCE DRAFT | B38: TSH-01 | C38: =IF(B38="","",IFERROR(INDEX('Parts Master'!$C:$C,MATCH(B38,'Parts Master'!$B:$B,0)),"Part Code not in Parts Master")) -> Tube Sheet | D38: A | E38: 10 | F38: Receipt | G38: Tubesheet forging received | H38: Stores | J38: 11 | K38: 0.5 | L38: Hours | M38: Per material lot | N38: No | P38: PO/BOM, packing list and visible condition acceptable | Q38: GRN / incoming inspection record | R38: PROPOSED TIME / STAGE — validate by time study and approve before tracker load.
A39: PILOT – SOURCE DRAFT | B39: TSH-01 | C39: =IF(B39="","",IFERROR(INDEX('Parts Master'!$C:$C,MATCH(B39,'Parts Master'!$B:$B,0)),"Part Code not in Parts Master")) -> Tube Sheet | D39: A | E39: 20 | F39: MTC Verification / Material Identification | G39: MTC and vendor certificates reviewed | H39: Quality Control / QA | J39: 12 | K39: 0.75 | L39: Hours | M39: Per material lot | N39: No | P39: Material specification, grade, heat/lot and traceability match PO/BOM | Q39: MTC review / PMI / traceability record | R39: PROPOSED TIME / STAGE — validate by time study and approve before tracker load.
A40: PILOT – SOURCE DRAFT | B40: TSH-01 | C40: =IF(B40="","",IFERROR(INDEX('Parts Master'!$C:$C,MATCH(B40,'Parts Master'!$B:$B,0)),"Part Code not in Parts Master")) -> Tube Sheet | D40: A | E40: 30 | F40: NDT | G40: Forging UT reviewed or performed | H40: Quality Control / QA | J40: 12 | K40: 1 | L40: Hours | M40: Per joint | N40: No | P40: Specified method and extent accepted to applicable code/QAP | Q40: NDE report | R40: PROPOSED TIME / STAGE — validate by time study and approve before tracker load.
A41: PILOT – SOURCE DRAFT | B41: TSH-01 | C41: =IF(B41="","",IFERROR(INDEX('Parts Master'!$C:$C,MATCH(B41,'Parts Master'!$B:$B,0)),"Part Code not in Parts Master")) -> Tube Sheet | D41: A | E41: 40 | F41: Machining | G41: Rough machining completed | H41: Machine Shop | J41: 20 | K41: 0.08 | L41: Hours | M41: Per hole | N41: No | P41: Dimensions, tolerances and surface finish meet approved drawing | Q41: Machining inspection report | R41: PROPOSED TIME / STAGE — validate by time study and approve before tracker load.
A42: PILOT – SOURCE DRAFT | B42: TSH-01 | C42: =IF(B42="","",IFERROR(INDEX('Parts Master'!$C:$C,MATCH(B42,'Parts Master'!$B:$B,0)),"Part Code not in Parts Master")) -> Tube Sheet | D42: A | E42: 50 | F42: Machining | G42: Tube holes, bolt holes and pass grooves drilled/machined | H42: Machine Shop | J42: 20 | K42: 0.08 | L42: Hours | M42: Per hole | N42: No | P42: Dimensions, tolerances and surface finish meet approved drawing | Q42: Machining inspection report | R42: PROPOSED TIME / STAGE — validate by time study and approve before tracker load.
A43: PILOT – SOURCE DRAFT | B43: TSH-01 | C43: =IF(B43="","",IFERROR(INDEX('Parts Master'!$C:$C,MATCH(B43,'Parts Master'!$B:$B,0)),"Part Code not in Parts Master")) -> Tube Sheet | D43: A | E43: 60 | F43: Machining | G43: Final facing and finish machining completed | H43: Machine Shop | J43: 20 | K43: 0.08 | L43: Hours | M43: Per hole | N43: No | P43: Dimensions, tolerances and surface finish meet approved drawing | Q43: Machining inspection report | R43: PROPOSED TIME / STAGE — validate by time study and approve before tracker load.
A44: PILOT – SOURCE DRAFT | B44: TSH-01 | C44: =IF(B44="","",IFERROR(INDEX('Parts Master'!$C:$C,MATCH(B44,'Parts Master'!$B:$B,0)),"Part Code not in Parts Master")) -> Tube Sheet | D44: A | E44: 70 | F44: Inspection | G44: Hole pattern, thickness, flatness and finish checked | H44: Quality Control / QA | J44: 21 | K44: 0.75 | L44: Hours | M44: Per piece | N44: No | P44: Visual and dimensional results meet approved drawing/QAP | Q44: Dimensional / final inspection report | R44: PROPOSED TIME / STAGE — validate by time study and approve before tracker load.
A45: PILOT – SOURCE DRAFT | B45: TUB-01 | C45: =IF(B45="","",IFERROR(INDEX('Parts Master'!$C:$C,MATCH(B45,'Parts Master'!$B:$B,0)),"Part Code not in Parts Master")) -> Tube | D45: A | E45: 10 | F45: Receipt | G45: Heat-exchanger tubes received | H45: Stores | J45: 11 | K45: 0.5 | L45: Hours | M45: Per material lot | N45: No | P45: PO/BOM, packing list and visible condition acceptable | Q45: GRN / incoming inspection record | R45: PROPOSED TIME / STAGE — validate by time study and approve before tracker load.
A46: PILOT – SOURCE DRAFT | B46: TUB-01 | C46: =IF(B46="","",IFERROR(INDEX('Parts Master'!$C:$C,MATCH(B46,'Parts Master'!$B:$B,0)),"Part Code not in Parts Master")) -> Tube | D46: A | E46: 20 | F46: MTC Verification / Material Identification | G46: MTC and material identity verified | H46: Quality Control / QA | J46: 12 | K46: 0.75 | L46: Hours | M46: Per material lot | N46: No | P46: Material specification, grade, heat/lot and traceability match PO/BOM | Q46: MTC review / PMI / traceability record | R46: PROPOSED TIME / STAGE — validate by time study and approve before tracker load.
A47: PILOT – SOURCE DRAFT | B47: TUB-01 | C47: =IF(B47="","",IFERROR(INDEX('Parts Master'!$C:$C,MATCH(B47,'Parts Master'!$B:$B,0)),"Part Code not in Parts Master")) -> Tube | D47: A | E47: 30 | F47: Inspection | G47: Incoming dimensions and surface condition checked | H47: Quality Control / QA | J47: 31 | K47: 0.05 | L47: Hours | M47: Per tube | N47: No | P47: Visual and dimensional results meet approved drawing/QAP | Q47: Dimensional / final inspection report | R47: PROPOSED TIME / STAGE — validate by time study and approve before tracker load.
A48: PILOT – SOURCE DRAFT | B48: TUB-01 | C48: =IF(B48="","",IFERROR(INDEX('Parts Master'!$C:$C,MATCH(B48,'Parts Master'!$B:$B,0)),"Part Code not in Parts Master")) -> Tube | D48: A | E48: 40 | F48: Cutting / Blanking | G48: Tubes cut to job length | H48: Fabrication Prep | J48: 31 | K48: 0.08 | L48: Hours | M48: Per tube | N48: Yes | O48: When not supplied at final length | P48: Cut size and identification meet approved drawing/cutting plan | Q48: Cutting report / material traceability | R48: PROPOSED TIME / STAGE — validate by time study and approve before tracker load.
A49: PILOT – SOURCE DRAFT | B49: TUB-01 | C49: =IF(B49="","",IFERROR(INDEX('Parts Master'!$C:$C,MATCH(B49,'Parts Master'!$B:$B,0)),"Part Code not in Parts Master")) -> Tube | D49: A | E49: 50 | F49: Inspection | G49: Tube integrity test reviewed or performed | H49: Quality Control / QA | J49: 31 | K49: 0.05 | L49: Hours | M49: Per tube | N49: Yes | O49: Eddy-current or hydro test as specified | P49: Visual and dimensional results meet approved drawing/QAP | Q49: Dimensional / final inspection report | R49: PROPOSED TIME / STAGE — validate by time study and approve before tracker load.
A50: PILOT – SOURCE DRAFT | B50: BAF-01 | C50: =IF(B50="","",IFERROR(INDEX('Parts Master'!$C:$C,MATCH(B50,'Parts Master'!$B:$B,0)),"Part Code not in Parts Master")) -> Baffle | D50: A | E50: 10 | F50: Receipt | G50: Baffle plate received | H50: Stores | J50: 11 | K50: 0.5 | L50: Hours | M50: Per material lot | N50: No | P50: PO/BOM, packing list and visible condition acceptable | Q50: GRN / incoming inspection record | R50: PROPOSED TIME / STAGE — validate by time study and approve before tracker load.
A51: PILOT – SOURCE DRAFT | B51: BAF-01 | C51: =IF(B51="","",IFERROR(INDEX('Parts Master'!$C:$C,MATCH(B51,'Parts Master'!$B:$B,0)),"Part Code not in Parts Master")) -> Baffle | D51: A | E51: 20 | F51: MTC Verification / Material Identification | G51: MTC and identity verified | H51: Quality Control / QA | J51: 12 | K51: 0.75 | L51: Hours | M51: Per material lot | N51: No | P51: Material specification, grade, heat/lot and traceability match PO/BOM | Q51: MTC review / PMI / traceability record | R51: PROPOSED TIME / STAGE — validate by time study and approve before tracker load.
A52: PILOT – SOURCE DRAFT | B52: BAF-01 | C52: =IF(B52="","",IFERROR(INDEX('Parts Master'!$C:$C,MATCH(B52,'Parts Master'!$B:$B,0)),"Part Code not in Parts Master")) -> Baffle | D52: A | E52: 30 | F52: Cutting / Blanking | G52: Baffle blank and segment profile cut | H52: Fabrication Prep | J52: 22 | K52: 0.3 | L52: Hours | M52: Per metre of cut | N52: No | P52: Cut size and identification meet approved drawing/cutting plan | Q52: Cutting report / material traceability | R52: PROPOSED TIME / STAGE — validate by time study and approve before tracker load.
A53: PILOT – SOURCE DRAFT | B53: BAF-01 | C53: =IF(B53="","",IFERROR(INDEX('Parts Master'!$C:$C,MATCH(B53,'Parts Master'!$B:$B,0)),"Part Code not in Parts Master")) -> Baffle | D53: A | E53: 40 | F53: Machining | G53: Tube holes and tie-rod holes drilled/machined | H53: Machine Shop | J53: 22 | K53: 0.06 | L53: Hours | M53: Per hole | N53: No | P53: Dimensions, tolerances and surface finish meet approved drawing | Q53: Machining inspection report | R53: PROPOSED TIME / STAGE — validate by time study and approve before tracker load.
A54: PILOT – SOURCE DRAFT | B54: BAF-01 | C54: =IF(B54="","",IFERROR(INDEX('Parts Master'!$C:$C,MATCH(B54,'Parts Master'!$B:$B,0)),"Part Code not in Parts Master")) -> Baffle | D54: A | E54: 50 | F54: Forming / Pressing / Dishing | G54: Baffle formed when drawing requires | H54: Fabrication Prep | J54: 22 | K54: 12 | L54: Hours | M54: Per piece | N54: Yes | O54: Only for formed baffle geometry | P54: Profile, minimum thickness and dimensions meet drawing/code | Q54: Forming and thickness/profile report | R54: PROPOSED TIME / STAGE — validate by time study and approve before tracker load.
A55: PILOT – SOURCE DRAFT | B55: BAF-01 | C55: =IF(B55="","",IFERROR(INDEX('Parts Master'!$C:$C,MATCH(B55,'Parts Master'!$B:$B,0)),"Part Code not in Parts Master")) -> Baffle | D55: A | E55: 60 | F55: Inspection | G55: OD, cut, hole pattern and burr condition checked | H55: Quality Control / QA | J55: 22 | K55: 0.75 | L55: Hours | M55: Per piece | N55: No | P55: Visual and dimensional results meet approved drawing/QAP | Q55: Dimensional / final inspection report | R55: PROPOSED TIME / STAGE — validate by time study and approve before tracker load.
A56: PILOT – SOURCE DRAFT | B56: SAD-01 | C56: =IF(B56="","",IFERROR(INDEX('Parts Master'!$C:$C,MATCH(B56,'Parts Master'!$B:$B,0)),"Part Code not in Parts Master")) -> Saddle | D56: A | E56: 10 | F56: Receipt | G56: Saddle plates and sections received | H56: Stores | I56: 10 | J56: 11 | K56: 0.5 | L56: Hours | M56: Per material lot | N56: No | P56: PO/BOM, packing list and visible condition acceptable | Q56: GRN / incoming inspection record | R56: PROPOSED TIME / STAGE — validate by time study and approve before tracker load.
A57: PILOT – SOURCE DRAFT | B57: SAD-01 | C57: =IF(B57="","",IFERROR(INDEX('Parts Master'!$C:$C,MATCH(B57,'Parts Master'!$B:$B,0)),"Part Code not in Parts Master")) -> Saddle | D57: A | E57: 20 | F57: MTC Verification / Material Identification | G57: MTC and identity verified | H57: Quality Control / QA | I57: 11 | J57: 12 | K57: 0.75 | L57: Hours | M57: Per material lot | N57: No | P57: Material specification, grade, heat/lot and traceability match PO/BOM | Q57: MTC review / PMI / traceability record | R57: PROPOSED TIME / STAGE — validate by time study and approve before tracker load.
A58: PILOT – SOURCE DRAFT | B58: SAD-01 | C58: =IF(B58="","",IFERROR(INDEX('Parts Master'!$C:$C,MATCH(B58,'Parts Master'!$B:$B,0)),"Part Code not in Parts Master")) -> Saddle | D58: A | E58: 30 | F58: Cutting / Blanking | G58: Wrapper, web, ribs and base parts cut | H58: Fabrication Prep | I58: 12 | J58: 13 | K58: 0.3 | L58: Hours | M58: Per metre of cut | N58: No | P58: Cut size and identification meet approved drawing/cutting plan | Q58: Cutting report / material traceability | R58: PROPOSED TIME / STAGE — validate by time study and approve before tracker load.
A59: PILOT – SOURCE DRAFT | B59: SAD-01 | C59: =IF(B59="","",IFERROR(INDEX('Parts Master'!$C:$C,MATCH(B59,'Parts Master'!$B:$B,0)),"Part Code not in Parts Master")) -> Saddle | D59: A | E59: 40 | F59: Rolling | G59: Wrapper plate rolled to vessel radius | H59: Fabrication Prep | I59: 13 | J59: 27 | K59: 4 | L59: Hours | M59: Per piece | N59: No | P59: Diameter, roundness and straightness within approved drawing tolerance | Q59: Dimensional inspection report | R59: PROPOSED TIME / STAGE — validate by time study and approve before tracker load.
A60: PILOT – SOURCE DRAFT | B60: SAD-01 | C60: =IF(B60="","",IFERROR(INDEX('Parts Master'!$C:$C,MATCH(B60,'Parts Master'!$B:$B,0)),"Part Code not in Parts Master")) -> Saddle | D60: A | E60: 50 | F60: Forming / Pressing / Dishing | G60: Saddle parts formed where required | H60: Fabrication Prep | I60: 13 | J60: 27 | K60: 12 | L60: Hours | M60: Per piece | N60: Yes | O60: When detail drawing requires forming | P60: Profile, minimum thickness and dimensions meet drawing/code | Q60: Forming and thickness/profile report | R60: PROPOSED TIME / STAGE — validate by time study and approve before tracker load.
A61: PILOT – SOURCE DRAFT | B61: SAD-01 | C61: =IF(B61="","",IFERROR(INDEX('Parts Master'!$C:$C,MATCH(B61,'Parts Master'!$B:$B,0)),"Part Code not in Parts Master")) -> Saddle | D61: A | E61: 60 | F61: Fit-up | G61: Child parts fitted into saddle assembly | H61: Fabrication / Welding | I61: 19 | J61: 27 | K61: 1.5 | L61: Hours | M61: Per joint | N61: No | P61: Alignment, root gap, offset and orientation meet WPS/drawing | Q61: Fit-up report | R61: PROPOSED TIME / STAGE — validate by time study and approve before tracker load.
A62: PILOT – SOURCE DRAFT | B62: SAD-01 | C62: =IF(B62="","",IFERROR(INDEX('Parts Master'!$C:$C,MATCH(B62,'Parts Master'!$B:$B,0)),"Part Code not in Parts Master")) -> Saddle | D62: A | E62: 70 | F62: Welding | G62: Saddle assembly welded | H62: Fabrication / Welding | I62: 20 | J62: 27 | K62: 1.2 | L62: Hours | M62: Per metre of weld | N62: No | P62: Weld completed to approved WPS by qualified welder; visual acceptable | Q62: Weld log / WPS / WPQ | R62: PROPOSED TIME / STAGE — validate by time study and approve before tracker load.
A63: PILOT – SOURCE DRAFT | B63: SAD-01 | C63: =IF(B63="","",IFERROR(INDEX('Parts Master'!$C:$C,MATCH(B63,'Parts Master'!$B:$B,0)),"Part Code not in Parts Master")) -> Saddle | D63: A | E63: 80 | F63: Machining | G63: Base or holes machined | H63: Machine Shop | I63: 14 | J63: 27 | K63: 2 | L63: Hours | M63: Per piece | N63: Yes | O63: When drawing specifies machining | P63: Dimensions, tolerances and surface finish meet approved drawing | Q63: Machining inspection report | R63: PROPOSED TIME / STAGE — validate by time study and approve before tracker load.
A64: PILOT – SOURCE DRAFT | B64: SAD-01 | C64: =IF(B64="","",IFERROR(INDEX('Parts Master'!$C:$C,MATCH(B64,'Parts Master'!$B:$B,0)),"Part Code not in Parts Master")) -> Saddle | D64: A | E64: 90 | F64: NDT | G64: Saddle welds examined | H64: Quality Control / QA | I64: 17 | J64: 28 | K64: 1 | L64: Hours | M64: Per joint | N64: Yes | O64: Method and extent per job QAP | P64: Specified method and extent accepted to applicable code/QAP | Q64: NDE report | R64: PROPOSED TIME / STAGE — validate by time study and approve before tracker load.
A65: PILOT – SOURCE DRAFT | B65: SAD-01 | C65: =IF(B65="","",IFERROR(INDEX('Parts Master'!$C:$C,MATCH(B65,'Parts Master'!$B:$B,0)),"Part Code not in Parts Master")) -> Saddle | D65: A | E65: 100 | F65: Inspection | G65: Dimensions and welds inspected | H65: Quality Control / QA | I65: 21 | J65: 27 | K65: 0.75 | L65: Hours | M65: Per piece | N65: No | P65: Visual and dimensional results meet approved drawing/QAP | Q65: Dimensional / final inspection report | R65: PROPOSED TIME / STAGE — validate by time study and approve before tracker load.
A66: PILOT – SOURCE DRAFT | B66: STD-01 | C66: =IF(B66="","",IFERROR(INDEX('Parts Master'!$C:$C,MATCH(B66,'Parts Master'!$B:$B,0)),"Part Code not in Parts Master")) -> Stud with Two Nuts | D66: A | E66: 10 | F66: Receipt | G66: Studs and nuts received | H66: Stores | I66: 10 | J66: 11 | K66: 0.5 | L66: Hours | M66: Per material lot | N66: No | P66: PO/BOM, packing list and visible condition acceptable | Q66: GRN / incoming inspection record | R66: PROPOSED TIME / STAGE — validate by time study and approve before tracker load.
A67: PILOT – SOURCE DRAFT | B67: STD-01 | C67: =IF(B67="","",IFERROR(INDEX('Parts Master'!$C:$C,MATCH(B67,'Parts Master'!$B:$B,0)),"Part Code not in Parts Master")) -> Stud with Two Nuts | D67: A | E67: 20 | F67: MTC Verification / Material Identification | G67: MTC or CoC and grade reviewed | H67: Quality Control / QA | I67: 11 | J67: 12 | K67: 0.75 | L67: Hours | M67: Per material lot | N67: No | P67: Material specification, grade, heat/lot and traceability match PO/BOM | Q67: MTC review / PMI / traceability record | R67: PROPOSED TIME / STAGE — validate by time study and approve before tracker load.
A68: PILOT – SOURCE DRAFT | B68: STD-01 | C68: =IF(B68="","",IFERROR(INDEX('Parts Master'!$C:$C,MATCH(B68,'Parts Master'!$B:$B,0)),"Part Code not in Parts Master")) -> Stud with Two Nuts | D68: A | E68: 30 | F68: Inspection | G68: Quantity, dimensions and threads inspected | H68: Quality Control / QA | I68: 21 | J68: 11 | K68: 0.08 | L68: Hours | M68: Per piece | N68: No | P68: Visual and dimensional results meet approved drawing/QAP | Q68: Dimensional / final inspection report | R68: PROPOSED TIME / STAGE — validate by time study and approve before tracker load.
A69: PILOT – SOURCE DRAFT | B69: GAS-01 | C69: =IF(B69="","",IFERROR(INDEX('Parts Master'!$C:$C,MATCH(B69,'Parts Master'!$B:$B,0)),"Part Code not in Parts Master")) -> Gasket | D69: A | E69: 10 | F69: Receipt | G69: Gaskets received and segregated | H69: Stores | I69: 10 | J69: 11 | K69: 0.5 | L69: Hours | M69: Per material lot | N69: No | P69: PO/BOM, packing list and visible condition acceptable | Q69: GRN / incoming inspection record | R69: PROPOSED TIME / STAGE — validate by time study and approve before tracker load.
A70: PILOT – SOURCE DRAFT | B70: GAS-01 | C70: =IF(B70="","",IFERROR(INDEX('Parts Master'!$C:$C,MATCH(B70,'Parts Master'!$B:$B,0)),"Part Code not in Parts Master")) -> Gasket | D70: A | E70: 20 | F70: MTC Verification / Material Identification | G70: CoC and construction reviewed | H70: Quality Control / QA | I70: 11 | J70: 12 | K70: 0.75 | L70: Hours | M70: Per material lot | N70: No | P70: Material specification, grade, heat/lot and traceability match PO/BOM | Q70: MTC review / PMI / traceability record | R70: PROPOSED TIME / STAGE — validate by time study and approve before tracker load.
A71: PILOT – SOURCE DRAFT | B71: GAS-01 | C71: =IF(B71="","",IFERROR(INDEX('Parts Master'!$C:$C,MATCH(B71,'Parts Master'!$B:$B,0)),"Part Code not in Parts Master")) -> Gasket | D71: A | E71: 30 | F71: Inspection | G71: Size, class, thickness and condition checked | H71: Quality Control / QA | I71: 21 | J71: 11 | K71: 0.15 | L71: Hours | M71: Per piece | N71: No | P71: Visual and dimensional results meet approved drawing/QAP | Q71: Dimensional / final inspection report | R71: PROPOSED TIME / STAGE — validate by time study and approve before tracker load.
A72: DRAWING REQUIREMENT | B72: HED-01 | C72: =IF(B72="","",IFERROR(INDEX('Parts Master'!$C:$C,MATCH(B72,'Parts Master'!$B:$B,0)),"Part Code not in Parts Master")) -> Dished End | D72: B | E72: 10 | F72: MTC Verification / Material Identification | G72: Maintain identification marking; after forming, marking remains on outside | H72: Quality Control / QA | I72: 11 | J72: 12 | K72: 0.75 | L72: Hours | M72: Per material lot | N72: No | P72: Material specification, grade, heat/lot and traceability match PO/BOM | Q72: MTC review / PMI / traceability record | R72: PROPOSED TIME / STAGE — validate by time study and approve before tracker load.
A73: DRAWING REQUIREMENT | B73: HED-01 | C73: =IF(B73="","",IFERROR(INDEX('Parts Master'!$C:$C,MATCH(B73,'Parts Master'!$B:$B,0)),"Part Code not in Parts Master")) -> Dished End | D73: B | E73: 20 | F73: Cutting / Blanking | G73: Prepare blank; indicative diameter 3772, final blank per manufacturer while finished geometry is maintained | H73: Fabrication Prep | I73: 12 | J73: 13 | K73: 0.3 | L73: Hours | M73: Per metre of cut | N73: No | P73: Cut size and identification meet approved drawing/cutting plan | Q73: Cutting report / material traceability | R73: PROPOSED TIME / STAGE — validate by time study and approve before tracker load.
A74: DRAWING REQUIREMENT | B74: HED-01 | C74: =IF(B74="","",IFERROR(INDEX('Parts Master'!$C:$C,MATCH(B74,'Parts Master'!$B:$B,0)),"Part Code not in Parts Master")) -> Dished End | D74: B | E74: 30 | F74: Forming / Pressing / Dishing | G74: Cold form 2:1 semi-ellipsoidal head to drawing dimensions | H74: Fabrication Prep | I74: 13 | J74: 17 | K74: 16 | L74: Hours | M74: Per piece | N74: No | P74: Profile, minimum thickness and dimensions meet drawing/code | Q74: Forming and thickness/profile report | R74: PROPOSED TIME / STAGE — validate by time study and approve before tracker load.
A75: DRAWING REQUIREMENT | B75: HED-01 | C75: =IF(B75="","",IFERROR(INDEX('Parts Master'!$C:$C,MATCH(B75,'Parts Master'!$B:$B,0)),"Part Code not in Parts Master")) -> Dished End | D75: B | E75: 40 | F75: NDT | G75: Full dye-penetrant examination on inside and outside in presence of TPI | H75: Quality Control / QA | I75: 17 | J75: 17 | K75: 1 | L75: Hours | M75: Per joint | N75: No | P75: Specified method and extent accepted to applicable code/QAP | Q75: NDE report | R75: PROPOSED TIME / STAGE — validate by time study and approve before tracker load.
A76: DRAWING REQUIREMENT | B76: HED-01 | C76: =IF(B76="","",IFERROR(INDEX('Parts Master'!$C:$C,MATCH(B76,'Parts Master'!$B:$B,0)),"Part Code not in Parts Master")) -> Dished End | D76: B | E76: 50 | F76: Inspection | G76: Check dished profile by template | H76: Quality Control / QA | I76: 18 | J76: 17 | K76: 0.75 | L76: Hours | M76: Per piece | N76: No | P76: Visual and dimensional results meet approved drawing/QAP | Q76: Dimensional / final inspection report | R76: PROPOSED TIME / STAGE — validate by time study and approve before tracker load.
A77: DRAWING REQUIREMENT | B77: HED-01 | C77: =IF(B77="","",IFERROR(INDEX('Parts Master'!$C:$C,MATCH(B77,'Parts Master'!$B:$B,0)),"Part Code not in Parts Master")) -> Dished End | D77: B | E77: 60 | F77: Inspection | G77: Verify ID, height, straight face, minimum formed thickness and skirt roundness | H77: Quality Control / QA | I77: 18 | J77: 17 | K77: 0.75 | L77: Hours | M77: Per piece | N77: No | P77: Visual and dimensional results meet approved drawing/QAP | Q77: Dimensional / final inspection report | R77: PROPOSED TIME / STAGE — validate by time study and approve before tracker load.
A78: DRAWING REQUIREMENT | B78: TSH-02 | C78: =IF(B78="","",IFERROR(INDEX('Parts Master'!$C:$C,MATCH(B78,'Parts Master'!$B:$B,0)),"Part Code not in Parts Master")) -> Tube Sheet (Fabricated Plate) | D78: A | E78: 10 | F78: Fit-up | G78: Fit plate sections for plate-to-plate joint shown on drawing | N78: No | P78: SP40-02-03-04-002 Rev.0 typical weld detail | Q78: Fit-up report | R78: Department, stage and time pending shop confirmation.
A79: DRAWING REQUIREMENT | B79: TSH-02 | C79: =IF(B79="","",IFERROR(INDEX('Parts Master'!$C:$C,MATCH(B79,'Parts Master'!$B:$B,0)),"Part Code not in Parts Master")) -> Tube Sheet (Fabricated Plate) | D79: A | E79: 20 | F79: Welding | G79: Complete tubesheet plate-to-plate weld | N79: No | P79: SP40-02-03-04-002 Rev.0 | Q79: Weld log; WPS/WPQ | R79: Department, stage and time pending shop confirmation.
A80: DRAWING REQUIREMENT | B80: TSH-02 | C80: =IF(B80="","",IFERROR(INDEX('Parts Master'!$C:$C,MATCH(B80,'Parts Master'!$B:$B,0)),"Part Code not in Parts Master")) -> Tube Sheet (Fabricated Plate) | D80: A | E80: 30 | F80: NDT | G80: Perform 100% RT and obtain acceptance before drilling tube holes | N80: No | P80: SP40-02-03-04-002 Rev.0 note 2 | Q80: RT report / release | R80: Mandatory hold before drilling; department, stage and time pending.
A81: DRAWING REQUIREMENT | B81: TSH-02 | C81: =IF(B81="","",IFERROR(INDEX('Parts Master'!$C:$C,MATCH(B81,'Parts Master'!$B:$B,0)),"Part Code not in Parts Master")) -> Tube Sheet (Fabricated Plate) | D81: A | E81: 40 | F81: Machining | G81: Machine tube holes Ø24.7 to drawing layout/pitch | N81: No | P81: SP40-02-03-04-002 Rev.0 | Q81: Machining/drilling report | R81: Only after accepted RT; department, stage and time pending.
A82: DRAWING REQUIREMENT | B82: TSH-02 | C82: =IF(B82="","",IFERROR(INDEX('Parts Master'!$C:$C,MATCH(B82,'Parts Master'!$B:$B,0)),"Part Code not in Parts Master")) -> Tube Sheet (Fabricated Plate) | D82: A | E82: 50 | F82: Grinding | G82: Thoroughly deburr all tube holes | N82: No | P82: SP40-02-03-04-002 Rev.0 note 3 | Q82: Inspection record | R82: Department, stage and time pending shop confirmation.
A83: DRAWING REQUIREMENT | B83: TSH-02 | C83: =IF(B83="","",IFERROR(INDEX('Parts Master'!$C:$C,MATCH(B83,'Parts Master'!$B:$B,0)),"Part Code not in Parts Master")) -> Tube Sheet (Fabricated Plate) | D83: A | E83: 60 | F83: Machining | G83: Finish tube holes to 1.6 microns and chamfer 0.5 × 45° both sides | N83: No | P83: SP40-02-03-04-002 Rev.0 notes 3 and 4 | Q83: Surface-finish/dimensional report | R83: Department, stage and time pending shop confirmation.
A84: DRAWING REQUIREMENT | B84: TSH-02 | C84: =IF(B84="","",IFERROR(INDEX('Parts Master'!$C:$C,MATCH(B84,'Parts Master'!$B:$B,0)),"Part Code not in Parts Master")) -> Tube Sheet (Fabricated Plate) | D84: A | E84: 70 | F84: Inspection | G84: Verify OD, thickness, hole pattern, flatness, circularity and freedom from distortion | N84: No | P84: SP40-02-03-04-002 Rev.0 note 5 | Q84: Final dimensional report | R84: Department, stage and time pending shop confirmation.
A85: PV DRAWING SOURCE | B85: SKT-01 | C85: Skirt Shell | D85: A | E85: 10 | F85: Receipt | G85: Receipt for Skirt Shell to approved drawing/detail | H85: Stores | I85: 10 | K85: 0.5 | L85: Hours | M85: Per material lot | N85: No | P85: PO/BOM, packing list and visible condition acceptable | Q85: GRN / incoming inspection record | R85: PROPOSED TIME / ROUTE — drawing-backed part; validate by shop time study and Production Head approval.
A86: PV DRAWING SOURCE | B86: SKT-01 | C86: Skirt Shell | D86: A | E86: 20 | F86: MTC Verification / Material Identification | G86: MTC Verification / Material Identification for Skirt Shell to approved drawing/detail | H86: Quality Control / QA | I86: 11 | K86: 0.75 | L86: Hours | M86: Per material lot | N86: No | P86: Specification, grade, heat/lot and traceability match drawing/BOM | Q86: MTC review / PMI / traceability record | R86: PROPOSED TIME / ROUTE — drawing-backed part; validate by shop time study and Production Head approval.
A87: PV DRAWING SOURCE | B87: SKT-01 | C87: Skirt Shell | D87: A | E87: 30 | F87: Cutting / Blanking | G87: Cutting / Blanking for Skirt Shell to approved drawing/detail | H87: Fabrication Prep | I87: 12 | K87: 0.3 | L87: Hours | M87: Per metre of cut | N87: No | P87: Cut size and identification meet approved drawing/cutting plan | Q87: Cutting report / traceability record | R87: PROPOSED TIME / ROUTE — drawing-backed part; validate by shop time study and Production Head approval.
A88: PV DRAWING SOURCE | B88: SKT-01 | C88: Skirt Shell | D88: A | E88: 40 | F88: Edge Preparation / Beveling | G88: Edge Preparation / Beveling for Skirt Shell to approved drawing/detail | H88: Fabrication Prep | I88: 12 | K88: 0.35 | L88: Hours | M88: Per metre of edge | N88: No | P88: Bevel geometry and cleanliness meet drawing/WPS | Q88: Bevel / fit-up inspection report | R88: PROPOSED TIME / ROUTE — drawing-backed part; validate by shop time study and Production Head approval.
A89: PV DRAWING SOURCE | B89: SKT-01 | C89: Skirt Shell | D89: A | E89: 50 | F89: Rolling | G89: Rolling for Skirt Shell to approved drawing/detail | H89: Fabrication Prep | I89: 13 | K89: 4 | L89: Hours | M89: Per piece | N89: No | P89: Diameter, roundness and straightness meet drawing tolerance | Q89: Dimensional inspection report | R89: PROPOSED TIME / ROUTE — drawing-backed part; validate by shop time study and Production Head approval.
A90: PV DRAWING SOURCE | B90: SKT-01 | C90: Skirt Shell | D90: A | E90: 60 | F90: Fit-up | G90: Fit-up for Skirt Shell to approved drawing/detail | H90: Fabrication / Welding | I90: 15 | K90: 1.5 | L90: Hours | M90: Per joint | N90: No | P90: Alignment, root gap, orientation and offset meet WPS/drawing | Q90: Fit-up report | R90: PROPOSED TIME / ROUTE — drawing-backed part; validate by shop time study and Production Head approval.
A91: PV DRAWING SOURCE | B91: SKT-01 | C91: Skirt Shell | D91: A | E91: 70 | F91: Welding | G91: Welding for Skirt Shell to approved drawing/detail | H91: Fabrication / Welding | I91: 16 | K91: 1.2 | L91: Hours | M91: Per metre of weld | N91: No | P91: Weld completed to approved WPS by qualified welder; visual acceptable | Q91: Weld log / WPS / WPQ | R91: PROPOSED TIME / ROUTE — drawing-backed part; validate by shop time study and Production Head approval.
A92: PV DRAWING SOURCE | B92: SKT-01 | C92: Skirt Shell | D92: A | E92: 80 | F92: NDT | G92: NDT for Skirt Shell to approved drawing/detail | H92: Quality Control / QA | I92: 17 | K92: 1 | L92: Hours | M92: Per joint | N92: Yes | O92: When required by approved QAP/code or for pressure-retaining welds | P92: Required RT/PT/MT/UT accepted to code/QAP | Q92: NDE report | R92: PROPOSED TIME / ROUTE — drawing-backed part; validate by shop time study and Production Head approval.
A93: PV DRAWING SOURCE | B93: SKT-01 | C93: Skirt Shell | D93: A | E93: 90 | F93: Inspection | G93: Inspection for Skirt Shell to approved drawing/detail | H93: Quality Control / QA | I93: 25 | K93: 0.75 | L93: Hours | M93: Per piece | N93: No | P93: Visual and dimensional results meet drawing/QAP | Q93: Dimensional / final inspection report | R93: PROPOSED TIME / ROUTE — drawing-backed part; validate by shop time study and Production Head approval.
A94: PV DRAWING SOURCE | B94: SBR-01 | C94: Skirt Base Ring | D94: A | E94: 10 | F94: Receipt | G94: Receipt for Skirt Base Ring to approved drawing/detail | H94: Stores | I94: 10 | K94: 0.5 | L94: Hours | M94: Per material lot | N94: No | P94: PO/BOM, packing list and visible condition acceptable | Q94: GRN / incoming inspection record | R94: PROPOSED TIME / ROUTE — drawing-backed part; validate by shop time study and Production Head approval.
A95: PV DRAWING SOURCE | B95: SBR-01 | C95: Skirt Base Ring | D95: A | E95: 20 | F95: MTC Verification / Material Identification | G95: MTC Verification / Material Identification for Skirt Base Ring to approved drawing/detail | H95: Quality Control / QA | I95: 11 | K95: 0.75 | L95: Hours | M95: Per material lot | N95: No | P95: Specification, grade, heat/lot and traceability match drawing/BOM | Q95: MTC review / PMI / traceability record | R95: PROPOSED TIME / ROUTE — drawing-backed part; validate by shop time study and Production Head approval.
A96: PV DRAWING SOURCE | B96: SBR-01 | C96: Skirt Base Ring | D96: A | E96: 30 | F96: Cutting / Blanking | G96: Cutting / Blanking for Skirt Base Ring to approved drawing/detail | H96: Fabrication Prep | I96: 12 | K96: 0.3 | L96: Hours | M96: Per metre of cut | N96: No | P96: Cut size and identification meet approved drawing/cutting plan | Q96: Cutting report / traceability record | R96: PROPOSED TIME / ROUTE — drawing-backed part; validate by shop time study and Production Head approval.
A97: PV DRAWING SOURCE | B97: SBR-01 | C97: Skirt Base Ring | D97: A | E97: 40 | F97: Rolling | G97: Rolling for Skirt Base Ring to approved drawing/detail | H97: Fabrication Prep | I97: 13 | K97: 4 | L97: Hours | M97: Per piece | N97: No | P97: Diameter, roundness and straightness meet drawing tolerance | Q97: Dimensional inspection report | R97: PROPOSED TIME / ROUTE — drawing-backed part; validate by shop time study and Production Head approval.
A98: PV DRAWING SOURCE | B98: SBR-01 | C98: Skirt Base Ring | D98: A | E98: 50 | F98: Machining | G98: Machining for Skirt Base Ring to approved drawing/detail | H98: Machine Shop | I98: 14 | K98: 1.5 | L98: Hours | M98: Per piece | N98: No | P98: Dimensions, thread, holes and finish meet drawing | Q98: Machining inspection report | R98: PROPOSED TIME / ROUTE — drawing-backed part; validate by shop time study and Production Head approval.
A99: PV DRAWING SOURCE | B99: SBR-01 | C99: Skirt Base Ring | D99: A | E99: 60 | F99: Inspection | G99: Inspection for Skirt Base Ring to approved drawing/detail | H99: Quality Control / QA | I99: 25 | K99: 0.75 | L99: Hours | M99: Per piece | N99: No | P99: Visual and dimensional results meet drawing/QAP | Q99: Dimensional / final inspection report | R99: PROPOSED TIME / ROUTE — drawing-backed part; validate by shop time study and Production Head approval.
A100: PV DRAWING SOURCE | B100: GSP-02 | C100: Gusset Plate (PV Support) | D100: A | E100: 10 | F100: Receipt | G100: Receipt for Gusset Plate (PV Support) to approved drawing/detail | H100: Stores | I100: 10 | K100: 0.5 | L100: Hours | M100: Per material lot | N100: No | P100: PO/BOM, packing list and visible condition acceptable | Q100: GRN / incoming inspection record | R100: PROPOSED TIME / ROUTE — drawing-backed part; validate by shop time study and Production Head approval.
A101: PV DRAWING SOURCE | B101: GSP-02 | C101: Gusset Plate (PV Support) | D101: A | E101: 20 | F101: MTC Verification / Material Identification | G101: MTC Verification / Material Identification for Gusset Plate (PV Support) to approved drawing/detail | H101: Quality Control / QA | I101: 11 | K101: 0.75 | L101: Hours | M101: Per material lot | N101: No | P101: Specification, grade, heat/lot and traceability match drawing/BOM | Q101: MTC review / PMI / traceability record | R101: PROPOSED TIME / ROUTE — drawing-backed part; validate by shop time study and Production Head approval.
...

Sheet Assembly Sequence
A1: REFERENCE + PROPOSED ASSEMBLY SEQUENCES — LIGHT-YELLOW PV ROWS ARE BASED ON APPROVED GA REV. C; WELD MAP AND METHODS REQUIRE APPROVAL.
A2: How parts are joined into sub-assemblies and then the complete equipment, in order, with weld joint references (LS-1, CS-2…) where applicable. One list per equipment type. The PV rows are real data from the DESPL-320 assembly sequence already in the tracker; the HE rows only show the format.
A4: Example? | B4: Equipment Type | C4: Group Code | D4: Group Name | E4: Step No. | F4: Seq | G4: Activity | H4: Kind | I4: Parts / Sub-assemblies used | J4: Result (sub-assembly produced) | K4: Weld Joint Ref. | L4: Department | M4: Counts toward Stage No. | N4: Remarks
A5: EXAMPLE (PV) | B5: Vertical PV (DESPL-320) | C5: E | D5: Shell Sub-Assembly (LS-1) | E5: 4.5 | F5: 13 | G5: Shell Weld Edge Preparation | H5: Work | I5: SHL-01 | L5: Fabrication / Welding | M5: 16 | N5: From the PV assembly sequence already in the tracker
A6: EXAMPLE (PV) | B6: Vertical PV (DESPL-320) | C6: E | D6: Shell Sub-Assembly (LS-1) | E6: 4.5 | F6: 14 | G6: L' Seam Set Up Of Shell (LS-1) Along With PTC | H6: Work | I6: SHL-01 | L6: Fabrication / Welding | M6: 16 | N6: From the PV assembly sequence already in the tracker
A7: EXAMPLE (PV) | B7: Vertical PV (DESPL-320) | C7: E | D7: Shell Sub-Assembly (LS-1) | E7: 4.5 | F7: 15 | G7: Weld Long Seam Of Shell (LS-1) | H7: Work | I7: SHL-01 | J7: Shell (LS-1 welded) | K7: LS-1 | L7: Fabrication / Welding | M7: 16 | N7: From the PV assembly sequence already in the tracker
A8: EXAMPLE (PV) | B8: Vertical PV (DESPL-320) | C8: E | D8: Shell Sub-Assembly (LS-1) | E8: 4.5 | F8: 16 | G8: Weld Visual Of LS-1 | H8: Inspection | L8: Quality Control / QA | M8: 17 | N8: From the PV assembly sequence already in the tracker
A9: EXAMPLE (PV) | B9: Vertical PV (DESPL-320) | C9: E | D9: Shell Sub-Assembly (LS-1) | E9: 4.5 | F9: 17 | G9: PAUT/TOFD Of LS-1 | H9: Inspection | L9: Quality Control / QA | M9: 17 | N9: From the PV assembly sequence already in the tracker
A10: EXAMPLE (PV) | B10: Vertical PV (DESPL-320) | C10: G | D10: Shell + Bottom Head (CS-2) | E10: 4.7 | F10: 22 | G10: Bottom Dished End To Shell Set Up (CS-2) | H10: Work | I10: Shell (LS-1 welded) + Bottom Dished End | J10: Shell + bottom head | L10: Fabrication / Welding | M10: 16 | N10: From the PV assembly sequence already in the tracker
A11: EXAMPLE (PV) | B11: Vertical PV (DESPL-320) | C11: G | D11: Shell + Bottom Head (CS-2) | E11: 4.7 | F11: 23 | G11: Weld Circ Seam Of Bottom Dishend To Shell (CS-2) | H11: Work | K11: CS-2 | L11: Fabrication / Welding | M11: 16 | N11: From the PV assembly sequence already in the tracker
A12: EXAMPLE (PV) | B12: Vertical PV (DESPL-320) | C12: G | D12: Shell + Bottom Head (CS-2) | E12: 4.7 | F12: 24 | G12: Weld Visual Of CS-2 | H12: Inspection | L12: Quality Control / QA | M12: 17 | N12: From the PV assembly sequence already in the tracker
A13: EXAMPLE (PV) | B13: Vertical PV (DESPL-320) | C13: G | D13: Shell + Bottom Head (CS-2) | E13: 4.7 | F13: 25 | G13: PAUT/TOFD Of CS-2 | H13: Inspection | L13: Quality Control / QA | M13: 17 | N13: From the PV assembly sequence already in the tracker
A14: DRAWING REQUIREMENT | B14: MED Train 1 (SP40) | C14: HD-L | D14: Left Dished Head Assembly | E14: 1.1 | F14: 10 | G14: Locate NSA2 reinforcement pad on left dished head per drawing | H14: Work | I14: HED-01 + RFP-01 | J14: Left head with NSA2 pad | N14: SP40-02-03-04-001 Sheet 01 Rev.0; joining method/department/stage require approval.
A15: DRAWING REQUIREMENT | B15: MED Train 1 (SP40) | C15: HD-R | D15: Right Dished Head Assembly | E15: 1.2 | F15: 10 | G15: Locate NSA3 reinforcement pad on right dished head per drawing | H15: Work | I15: HED-01 + RFP-01 | J15: Right head with NSA3 pad | N15: SP40-02-03-04-001 Sheet 02 Rev.0; joining method/department/stage require approval.
A16: DRAWING REQUIREMENT | B16: MED Train 1 (SP40) | C16: TB | D16: Tube-to-Tubesheet Joint | E16: 2.1 | F16: 10 | G16: Install food-grade EPDM grommets at tubesheet penetrations | H16: Work | I16: GRM-01 + TSH-02 | J16: Grommeted tubesheets | N16: SP40-02-02-11-04/-05 Rev.0; operation ownership and stage pending.
A17: DRAWING REQUIREMENT | B17: MED Train 1 (SP40) | C17: TB | D17: Tube-to-Tubesheet Joint | E17: 2.1 | F17: 20 | G17: Pass Ø21.3 tubes through 10 mm tubesheets and grommets to drawing lengths | H17: Work | I17: TUB-01 + GRM-01 + TSH-02 | J17: Tube/tubesheet assembly | N17: Drawing states tight fit with grommets; no expansion or seal welding is specified.
A18: DRAWING REQUIREMENT | B18: MED Train 1 (SP40) | C18: TB | D18: Tube-to-Tubesheet Joint | E18: 2.1 | F18: 30 | G18: Verify tight fit and effective tube length | H18: Inspection | I18: Tube/tubesheet assembly | J18: Tube bank ready for next approved assembly stage | N18: Effective length 2950 for Effects 1–8 and 2210 for Effect 9; no joint test stated.
A19: DRAWING REQUIREMENT | B19: MED Train 1 (SP40) | C19: SA | D19: Saddle Sliding Interface | E19: 3.1 | F19: 10 | G19: Fit food-grade PTFE sliding sheet to saddle arrangement | H19: Work | I19: SAD-01 + PTF-01 | J19: Sliding saddle interface | N19: SP40-02-02-11-01 Rev.0; joining/retention method and stage require approval.
A20: PROPOSED HE ASSEMBLY | B20: Fixed tubesheet / MED evaporator | C20: S1 | D20: Shell Course Sub-Assembly | E20: 1.1 | F20: 10 | G20: Fit shell course longitudinal seam | H20: Work | I20: SHL-01 | J20: Shell course fitted | K20: LS-1 | L20: Fabrication / Welding | M20: 14 | N20: Proposed baseline; confirm weld map and sequence
A21: PROPOSED HE ASSEMBLY | B21: Fixed tubesheet / MED evaporator | C21: S1 | D21: Shell Course Sub-Assembly | E21: 1.1 | F21: 20 | G21: Weld shell course longitudinal seam | H21: Work | I21: SHL-01 | J21: Welded shell course | K21: LS-1 | L21: Fabrication / Welding | M21: 15 | N21: Proposed baseline
A22: PROPOSED HE ASSEMBLY | B22: Fixed tubesheet / MED evaporator | C22: S1 | D22: Shell Course Sub-Assembly | E22: 1.1 | F22: 30 | G22: NDE and dimensional inspection of longitudinal seam | H22: Inspection | I22: Welded shell course | J22: Accepted shell course | K22: LS-1 | L22: Quality Control / QA | M22: 16 | N22: NDE extent per approved ITP/QAP
A23: PROPOSED HE ASSEMBLY | B23: Fixed tubesheet / MED evaporator | C23: S2 | D23: Shell Assembly | E23: 1.2 | F23: 40 | G23: Fit and weld shell courses into complete shell | H23: Work | I23: Accepted shell courses | J23: Complete shell | K23: CS-1…n | L23: Fabrication / Welding | M23: 24 | N23: Use actual weld joint numbers from job weld map
A24: PROPOSED HE ASSEMBLY | B24: Fixed tubesheet / MED evaporator | C24: H1 | D24: Head / Shell Assembly | E24: 1.3 | F24: 50 | G24: Fit and weld formed heads to shell | H24: Work | I24: Complete shell + HED-01 | J24: Shell with heads | K24: CS-H1 / CS-H2 | L24: Fabrication / Welding | M24: 25 | N24: Head arrangement per approved drawing
A25: PROPOSED HE ASSEMBLY | B25: Fixed tubesheet / MED evaporator | C25: N1 | D25: Nozzle Sub-Assembly | E25: 1.4 | F25: 60 | G25: Fit nozzle flange to nozzle neck | H25: Work | I25: NOZ-01 + FLG-01 | J25: Flanged nozzle sub-assembly | K25: NW-1…n | L25: Fabrication / Welding | M25: 23 | N25: Conditional if flange is welded to neck
A26: PROPOSED HE ASSEMBLY | B26: Fixed tubesheet / MED evaporator | C26: N2 | D26: Nozzle Installation | E26: 1.5 | F26: 70 | G26: Fit and weld nozzle sub-assemblies to shell/head | H26: Work | I26: Flanged nozzle sub-assembly + shell/head | J26: Pressure-part shell assembly | K26: NS-1…n | L26: Fabrication / Welding | M26: 26 | N26: Orientation/projection per approved drawing
A27: PROPOSED HE ASSEMBLY | B27: Fixed tubesheet / MED evaporator | C27: P1 | D27: Support Assembly | E27: 1.6 | F27: 80 | G27: Fit and weld saddles/supports to shell | H27: Work | I27: Pressure-part shell assembly + SAD-01 | J27: Supported shell assembly | K27: SW-1…n | L27: Fabrication / Welding | M27: 27 | N27: Include PTFE sliding sheet where specified
A28: PROPOSED HE ASSEMBLY | B28: Fixed tubesheet / MED evaporator | C28: T1 | D28: Tubesheet Assembly | E28: 2.1 | F28: 90 | G28: Fit tubesheets to shell or bundle location | H28: Work | I28: Supported shell assembly + TSH-01 | J28: Shell/tubesheet assembly | K28: TS-1 / TS-2 | L28: Fabrication / Welding | M28: 35 | N28: Exact sequence depends on fixed/removable construction
A29: PROPOSED HE ASSEMBLY | B29: Fixed tubesheet / MED evaporator | C29: B1 | D29: Baffle / Support Frame | E29: 2.2 | F29: 100 | G29: Assemble baffles/support plates at design spacing | H29: Work | I29: BAF-01 + tie/support members | J29: Baffle/support frame | L29: Fabrication / Welding | M29: 29 | N29: Conditional when baffles/support plates are used
A30: PROPOSED HE ASSEMBLY | B30: Fixed tubesheet / MED evaporator | C30: T2 | D30: Tube Joint Preparation | E30: 2.3 | F30: 110 | G30: Clean tube holes and install grommets or prepare grooves | H30: Work | I30: TSH-01 + job-specific grommets | J30: Prepared tubesheets | L30: Fabrication / Welding | M30: 30 | N30: SP40 uses EPDM grommets; other designs may use expansion grooves
A31: PROPOSED HE ASSEMBLY | B31: Fixed tubesheet / MED evaporator | C31: T3 | D31: Tube Bundle Assembly | E31: 2.4 | F31: 120 | G31: Insert tubes through tubesheets and baffles/supports | H31: Work | I31: TUB-01 + prepared tubesheets + baffle frame | J31: Inserted tube bundle | L31: Fabrication / Welding | M31: 32 | N31: Protect tube surfaces and verify effective length
A32: PROPOSED HE ASSEMBLY | B32: Fixed tubesheet / MED evaporator | C32: T4 | D32: Tube Joint Completion | E32: 2.5 | F32: 130 | G32: Expand and/or seal weld tube ends when specified | H32: Work | I32: Inserted tube bundle | J32: Completed tube joints | K32: TJ-1…n | L32: Fabrication / Welding | M32: 33 | N32: Conditional; not assumed for SP40 grommeted joint
A33: PROPOSED HE ASSEMBLY | B33: Fixed tubesheet / MED evaporator | C33: T5 | D33: Bundle Inspection | E33: 2.6 | F33: 140 | G33: Inspect tube joints, tube projection and bundle dimensions | H33: Inspection | I33: Completed/inserted tube bundle | J33: Accepted bundle | L33: Quality Control / QA | M33: 34 | N33: Test/inspection method per approved QAP
A34: PROPOSED HE ASSEMBLY | B34: Fixed tubesheet / MED evaporator | C34: C1 | D34: Closure Assembly | E34: 3.1 | F34: 150 | G34: Fit channel/bonnet closures with gaskets | H34: Work | I34: Shell/tubesheet assembly + GAS-01 | J34: Closed exchanger | L34: Fabrication / Welding | M34: 36 | N34: Gasket type and orientation per drawing
A35: PROPOSED HE ASSEMBLY | B35: Fixed tubesheet / MED evaporator | C35: C1 | D35: Closure Assembly | E35: 3.1 | F35: 160 | G35: Install studs and nuts using approved tightening sequence | H35: Work | I35: Closed exchanger + STD-01 | J35: Bolted exchanger | L35: Fabrication / Welding | M35: 36 | N35: Lubrication and torque/tension per approved procedure
A36: PROPOSED HE ASSEMBLY | B36: Fixed tubesheet / MED evaporator | C36: Q1 | D36: Final Internal Inspection | E36: 3.2 | F36: 170 | G36: Verify cleanliness, internals, tube ends and closure readiness | H36: Inspection | I36: Bolted exchanger | J36: Released for pressure test | L36: Quality Control / QA | M36: 37 | N36: Inspection release required before hydrotest
A37: PROPOSED HE ASSEMBLY | B37: Fixed tubesheet / MED evaporator | C37: Q2 | D37: Shell-Side Hydrotest | E37: 3.3 | F37: 180 | G37: Perform shell-side hydrostatic test | H37: Inspection | I37: Released exchanger | J37: Shell-side test accepted | L37: Quality Control / QA | M37: 38 | N37: Pressure/hold time per approved drawing/QAP
A38: PROPOSED HE ASSEMBLY | B38: Fixed tubesheet / MED evaporator | C38: Q3 | D38: Tube-Side Hydrotest | E38: 3.4 | F38: 190 | G38: Perform tube-side hydrostatic test | H38: Inspection | I38: Shell-side test accepted | J38: Tube-side test accepted | L38: Quality Control / QA | M38: 39 | N38: Separate test report required
A39: PROPOSED HE ASSEMBLY | B39: Fixed tubesheet / MED evaporator | C39: F1 | D39: Complete Equipment | E39: 4.1 | F39: 200 | G39: Final inspection, nameplate, MDR release and dispatch preparation | H39: Inspection | I39: Tube-side test accepted | J39: Complete heat exchanger | L39: Documentation / MDR | M39: 41 | N39: Production Head/PPC approval required before tracker load
A40: PV DRAWING SOURCE | B40: HP Air Receiver Blow Down Vessel | C40: PV-S1 | D40: Shell Course | E40: 1.1 | F40: 10 | G40: Roll and fit shell longitudinal seam | H40: Work | I40: SHL-01 | J40: Shell course fitted | K40: LS-1 | L40: Fabrication / Welding | M40: 15 | N40: Drawing item 101; weld map reference to be confirmed
A41: PV DRAWING SOURCE | B41: HP Air Receiver Blow Down Vessel | C41: PV-S1 | D41: Shell Course | E41: 1.1 | F41: 20 | G41: Weld shell longitudinal seam to approved WPS | H41: Work | I41: Fitted shell course | J41: Welded shell course | K41: LS-1 | L41: Fabrication / Welding | M41: 16 | N41: Full penetration pressure weld
A42: PV DRAWING SOURCE | B42: HP Air Receiver Blow Down Vessel | C42: PV-S1 | D42: Shell Course | E42: 1.1 | F42: 30 | G42: Perform required RT/PT and dimensional inspection | H42: Inspection | I42: Welded shell course | J42: Accepted shell course | K42: LS-1 | L42: Quality Control / QA | M42: 17 | N42: 100% RT of butt welds; all welds PT
A43: PV DRAWING SOURCE | B43: HP Air Receiver Blow Down Vessel | C43: PV-H1 | D43: Head Assembly | E43: 1.2 | F43: 40 | G43: Fit top dished end to shell | H43: Work | I43: Accepted shell course + HED-01 | J43: Top-head fit-up | K43: CS-1 | L43: Fabrication / Welding | M43: 18 | N43: Drawing item 102
A44: PV DRAWING SOURCE | B44: HP Air Receiver Blow Down Vessel | C44: PV-H1 | D44: Head Assembly | E44: 1.2 | F44: 50 | G44: Weld top dished end to shell | H44: Work | I44: Top-head fit-up | J44: Shell with top head | K44: CS-1 | L44: Fabrication / Welding | M44: 18 | N44: Full penetration pressure weld
A45: PV DRAWING SOURCE | B45: HP Air Receiver Blow Down Vessel | C45: PV-H2 | D45: Head Assembly | E45: 1.3 | F45: 60 | G45: Fit and weld bottom dished end to shell | H45: Work | I45: Shell with top head + HED-01 | J45: Closed pressure shell | K45: CS-2 | L45: Fabrication / Welding | M45: 18 | N45: Full penetration pressure weld
A46: PV DRAWING SOURCE | B46: HP Air Receiver Blow Down Vessel | C46: PV-H2 | D46: Head Assembly | E46: 1.3 | F46: 70 | G46: Perform RT/PT of head circumferential seams | H46: Inspection | I46: Closed pressure shell | J46: Accepted pressure shell | K46: CS-1 / CS-2 | L46: Quality Control / QA | M46: 17 | N46: 100% RT of butt welds; all welds PT
A47: PV DRAWING SOURCE | B47: HP Air Receiver Blow Down Vessel | C47: PV-N1 | D47: Nozzle Sub-Assemblies | E47: 2.1 | F47: 80 | G47: Prepare N1 inlet flange and reinforcement pad assembly | H47: Work | I47: NOZ-01 + FLG-01 + RFP-02 | J47: N1 sub-assembly | K47: NW-N1 | L47: Fabrication / Welding | M47: 19 | N47: Class 300 LWN RF; R-pad vent hole required
A48: PV DRAWING SOURCE | B48: HP Air Receiver Blow Down Vessel | C48: PV-N2 | D48: Nozzle Sub-Assemblies | E48: 2.2 | F48: 90 | G48: Prepare N2 drain pipe, elbow and flange assembly | H48: Work | I48: NOZ-01 + ELB-01 + FLG-01 + STF-01 | J48: N2 sub-assembly | K48: NW-N2 | L48: Fabrication / Welding | M48: 19 | N48: SA333 Gr.6 pipe per Rev. C
A49: PV DRAWING SOURCE | B49: HP Air Receiver Blow Down Vessel | C49: PV-N3 | D49: Nozzle Sub-Assemblies | E49: 2.3 | F49: 100 | G49: Prepare N3 outlet self-reinforced nozzle and flange | H49: Work | I49: SRN-01 + FLG-01 + STF-01 | J49: N3 sub-assembly | K49: NW-N3 | L49: Fabrication / Welding | M49: 19 | N49: DN125 Class 300 WNRF
A50: PV DRAWING SOURCE | B50: HP Air Receiver Blow Down Vessel | C50: PV-N4 | D50: Instrument Connections | E50: 2.4 | F50: 110 | G50: Prepare N4, N5 and N6 coupling/plug connections | H50: Work | I50: CPL-01 | J50: Instrument connection sub-assemblies | K50: NW-N4/N5/N6 | L50: Fabrication / Welding | M50: 19 | N50: Pressure gauge, transmitter and safety valve
A51: PV DRAWING SOURCE | B51: HP Air Receiver Blow Down Vessel | C51: PV-M1 | D51: Manhole Sub-Assembly | E51: 2.5 | F51: 120 | G51: Prepare M1 SRN, flange and blind flange | H51: Work | I51: SRN-01 + FLG-01 + BFL-01 | J51: M1 manhole neck assembly | K51: NW-M1 | L51: Fabrication / Welding | M51: 19 | N51: DN450 Class 300
... A53: PV DRAWING SOURCE | B53: HP Air Receiver Blow Down Vessel | C53: PV-NOZ | D53: Nozzle Installation | E53: 2.6 | F53: 140 | G53: Weld nozzles/manhole and reinforcement pads to vessel | H53: Work | I53: Nozzle-fitted shell | J53: Welded nozzle shell | K53: NS-N1…N6 / NS-M1 | L53: Fabrication / Welding | M53: 20 | N53: Pressure welds FPW; pad vent holes
A54: PV DRAWING SOURCE | B54: HP Air Receiver Blow Down Vessel | C54: PV-HT | D54: Heat Treatment | E54: 2.7 | F54: 150 | G54: Perform required post-forming heat treatment and PWHT | H54: Work | I54: Welded nozzle shell | J54: Heat-treated pressure assembly | L54: Heat Treatment | M54: 21 | N54: Drawing explicitly requires PFHT and PWHT; approved cycle/chart required
A55: PV DRAWING SOURCE | B55: HP Air Receiver Blow Down Vessel | C55: PV-NDE | D55: Post-PWHT Examination | E55: 2.8 | F55: 160 | G55: Perform post-PWHT NDE, hardness and visual checks as applicable | H55: Inspection | I55: Heat-treated pressure assembly | J55: Accepted pressure assembly | K55: Pressure weld map | L55: Quality Control / QA | M55: 22 | N55: Per ASME/QAP and heat-treatment procedure
A56: PV DRAWING SOURCE | B56: HP Air Receiver Blow Down Vessel | C56: PV-SK | D56: Skirt Sub-Assembly | E56: 3.1 | F56: 170 | G56: Roll and weld skirt shell | H56: Work | I56: SKT-01 | J56: Skirt shell | K56: LS-SK | L56: Fabrication / Welding | M56: 23 | N56: Drawing item 201
A57: PV DRAWING SOURCE | B57: HP Air Receiver Blow Down Vessel | C57: PV-SK | D57: Skirt Sub-Assembly | E57: 3.1 | F57: 180 | G57: Fit base ring and 32 gusset plates to skirt | H57: Work | I57: Skirt shell + SBR-01 + GSP-02 | J57: Skirt/base-ring assembly | K57: BR-SK / GW-1…32 | L57: Fabrication / Welding | M57: 23 | N57: Drawing items 202–203
A58: PV DRAWING SOURCE | B58: HP Air Receiver Blow Down Vessel | C58: PV-SK | D58: Skirt Installation | E58: 3.2 | F58: 190 | G58: Fit and weld skirt assembly to bottom head | H58: Work | I58: Accepted pressure assembly + skirt/base-ring assembly | J58: Vessel on skirt | K58: SK-1 | L58: Fabrication / Welding | M58: 23 | N58: Non-ASME material shall not be directly welded to pressure part; follow drawing pad/interface detail
A59: PV DRAWING SOURCE | B59: HP Air Receiver Blow Down Vessel | C59: PV-ATT | D59: Lugs and Pads | E59: 3.3 | F59: 200 | G59: Fit pad plates, lifting lugs, support plates and tailing lug | H59: Work | I59: PAD-01 + LUG-02 + SPL-01 + TLG-01 | J59: Lug-equipped vessel | K59: LW-1…n | L59: Fabrication / Welding | M59: 23 | N59: All attachment pads require 6 mm air vent hole where applicable
A60: PV DRAWING SOURCE | B60: HP Air Receiver Blow Down Vessel | C60: PV-DAV | D60: Davit / Access Opening | E60: 3.4 | F60: 210 | G60: Assemble access opening, davit pipe, boss, end plates, handle, hook, eye bolt and jack screws | H60: Work | I60: AOP-01 + DVT-01 + BOS-01 + EPL-01 + HDL-01 + HOK-01 + EYE-01 + JSC-01 + NUT-02 + WSH-02 + RVT-01 + RIB-01 | J60: Davit/access-opening assembly | K60: DW-1…n | L60: Fabrication / Welding | M60: 23 | N60: Detail-controlled assembly
A61: PV DRAWING SOURCE | B61: HP Air Receiver Blow Down Vessel | C61: PV-EXT | D61: External Attachments | E61: 3.5 | F61: 220 | G61: Install support pipes, earthing plates and other external attachments | H61: Work | I61: SPP-01 + ERT-01 | J61: Attachment-complete vessel | K61: AW-1…n | L61: Fabrication / Welding | M61: 23 | N61: Earthing plates shall not be painted
A62: PV DRAWING SOURCE | B62: HP Air Receiver Blow Down Vessel | C62: PV-NP | D62: Name Plate Support | E62: 3.6 | F62: 230 | G62: Fit nameplate bracket to vessel | H62: Work | I62: NPB-01 | J62: Vessel with nameplate bracket | K62: NPW-1 | L62: Fabrication / Welding | M62: 24 | N62: Nameplate installed after painting
A63: PV DRAWING SOURCE | B63: HP Air Receiver Blow Down Vessel | C63: PV-M1 | D63: Manhole Closure | E63: 3.7 | F63: 240 | G63: Install M1 gasket and blind flange with studs/nuts | H63: Work | I63: M1 assembly + GAS-01 + STD-01 | J63: Closed vessel | L63: Fabrication / Welding | M63: 24 | N63: Approved gasket; controlled tightening sequence required
A64: PV DRAWING SOURCE | B64: HP Air Receiver Blow Down Vessel | C64: PV-QC | D64: Final Dimensional Inspection | E64: 4.1 | F64: 250 | G64: Verify vessel dimensions, verticality, nozzle orientation/projection and attachments | H64: Inspection | I64: Closed vessel | J64: Released for pressure test | L64: Quality Control / QA | M64: 25 | N64: As per approved GA/QAP
A65: PV DRAWING SOURCE | B65: HP Air Receiver Blow Down Vessel | C65: PV-QC | D65: Final Visual Inspection | E65: 4.2 | F65: 260 | G65: Complete final internal/external visual inspection | H65: Inspection | I65: Released vessel | J65: Hydrotest-ready vessel | L65: Quality Control / QA | M65: 26 | N65: All sharp edges rounded; temporary attachments removed
A66: PV DRAWING SOURCE | B66: HP Air Receiver Blow Down Vessel | C66: PV-HTEST | D66: Hydrostatic Test | E66: 4.3 | F66: 270 | G66: Hydrotest at approved pressure and hold time | H66: Inspection | I66: Hydrotest-ready vessel | J66: Hydrotest accepted | L66: Quality Control / QA | M66: 27 | N66: 66–66.5 kg/cm²(g); 18–48°C; 30 min
A67: PV DRAWING SOURCE | B67: HP Air Receiver Blow Down Vessel | C67: PV-DRY | D67: Draining and Drying | E67: 4.4 | F67: 280 | G67: Drain, dry and preserve vessel after hydrotest | H67: Work | I67: Hydrotest accepted | J67: Dry preserved vessel | L67: Fabrication / Welding | M67: 28 | N67: Record dryness/preservation
A68: PV DRAWING SOURCE | B68: HP Air Receiver Blow Down Vessel | C68: PV-PAINT | D68: Surface Treatment and Painting | E68: 4.5 | F68: 290 | G68: Prepare and coat external surfaces; protect machined faces and threads | H68: Work | I68: Dry preserved vessel | J68: Painted vessel | L68: Surface Treatment & Painting | M68: 30 | N68: Earthing plates excluded; system per approved paint specification
A69: PV DRAWING SOURCE | B69: HP Air Receiver Blow Down Vessel | C69: PV-NP | D69: Name Plate and Stamping | E69: 4.6 | F69: 300 | G69: Engrave/install SS304 nameplate and complete final stamping | H69: Inspection | I69: Painted vessel + NPL-01 | J69: Identified vessel | L69: Quality Control / QA | M69: 32 | N69: Drawing item 242; engraving content per approved nameplate detail
A70: PV DRAWING SOURCE | B70: HP Air Receiver Blow Down Vessel | C70: PV-DOC | D70: MDR and Release | E70: 4.7 | F70: 310 | G70: Compile MTC, weld/NDE/PWHT/hydro records, approved drawings and release documents | H70: Inspection | I70: Identified vessel | J70: Released pressure vessel | L70: Documentation / MDR | M70: 33 | N70: Final tracker load remains subject to Production Head approval

Sheet New Operations
A1: SOURCE REVIEW REGISTER — LIGHT-YELLOW PV/HE OPERATION PROPOSALS REMAIN OUTSIDE THE FIXED DROPDOWN UNTIL APPROVED.
A2: Only for steps that do not fit any operation in the dropdown. We will review these together before adding them to the tracker.
A4: Example? | B4: Proposed Operation | C4: Used in (Part Codes) | D4: Department | E4: Why the existing list does not cover it | F4: Record / Document | G4: Remarks
A5: SOURCE REVIEW | B5: Forging | C5: FLG-01, TSH-01 | D5: Vendor (outside DESPL) | E5: Fixed list has no forging operation; decide whether vendor process is tracked or only Receipt is used. | F5: MTC; forging record | G5: Production Head decision required
A6: SOURCE REVIEW | B6: Heat Treatment / PFHT / PWHT | C6: SHL-01, HED-01, FLG-01, TSH-01; complete PV DE0423 | D6: Heat Treatment | E6: Fixed list has no heat-treatment operation; PV drawing requires post-forming heat treatment and PWHT. | F6: Heat-treatment procedure, furnace/local chart, hardness report | G6: Map approved PV execution to Stage 21; route approval required
A7: SOURCE REVIEW | B7: Hydrostatic Testing | C7: Complete HE; complete PV DE0423 | D7: Quality Control / QA | E7: Fixed list has no hydrostatic-test operation; PV drawing requires 66–66.5 kg/cm²(g), 18–48°C, 30 min. | F7: Hydro test report | G7: PV Stage 27; HE shell/tube-side stages remain separate
A8: SOURCE REVIEW | B8: Tube Cleaning | C8: TUB-01 | D8: Fabrication Prep | E8: Cleaning after cutting is not clearly covered by a fixed operation. | F8: Cleaning record | G8: Confirm whether separate tracking is required
A9: SOURCE REVIEW | B9: Engraving / Marking | C9: NPL-01; Name Plate | D9: Machine Shop | E9: Fixed list has no engraving/marking operation. | F9: Nameplate record / rubbing | G9: PV drawing item 242 and Stage 32
A10: SOURCE REVIEW | B10: Installation | C10: PV attachments, manhole closure, NPL-01; HE listed parts | D10: Fabrication / Welding | E10: Assembly Check is an inspection gate, not installation work. | F10: Assembly record | G10: Covers PV accessories and HE components if approved
A11: SOURCE REVIEW | B11: Tube Bundle Assembly / Tube Insertion | C11: TUB-01, TSH-01, BAF-01 | D11: Fabrication / Welding | E11: Fixed list has Tube Expansion but no tube insertion/bundle assembly operation. | F11: Bundle assembly record | G11: Could be approved under Installation instead of a separate operation
A12: SOURCE REVIEW | B12: Tube Joint Leak Test | C12: TUB-01, TSH-01 | D12: Quality Control / QA | E12: NDT does not clearly represent pneumatic/leak testing of tube joints. | F12: Tube leak test report | G12: Define method and acceptance by HE type/QAP
A13: SOURCE REVIEW | B13: Controlled Bolting / Torqueing | C13: STD-01, GAS-01, BFL-01 | D13: Fabrication / Welding | E13: Fixed list has no controlled tightening operation for Class 300 manhole closure. | F13: Bolt torque/tension record | G13: Approve lubricant, tightening pattern and final record requirement
A14: SOURCE REVIEW | B14: Passivation / Chemical Cleaning | C14: S32205 / titanium pressure parts | D14: Surface Treatment & Painting | E14: Surface Preparation / Blasting does not cover chemical cleaning/passivation. | F14: Cleaning/passivation report | G14: Define alloy- and service-specific requirement
A15: SOURCE REVIEW | B15: Zinc Coating of Studs and Nuts | C15: STD-01 | D15: Vendor (outside DESPL) | E15: PV drawing requires all studs and nuts to be zinc coated; fixed list does not identify coating of fasteners. | F15: Supplier coating certificate / inspection record | G15: Confirm coating process and acceptance thickness
... A18: SOURCE REVIEW | B18: Hardness Testing After PWHT | C18: Complete PV DE0423 | D18: Quality Control / QA | E18: NDT operation does not explicitly represent hardness survey after heat treatment. | F18: Hardness test report | G18: Confirm locations and acceptance criteria from QAP/procedure

Sheet HE Stages
A1: PROPOSED PLANNING BASELINE — NOT APPROVED. Durations and ownership are working estimates for Production Head/PPC review; revise from actual shop records before tracker load.
A2: Whole-equipment stages for a fixed-tubesheet / MED-type heat exchanger. Includes SP40-specific fabricated tubesheets and grommeted titanium tube assembly; optional rules identify other HE configurations.
A4: Example? | B4: HE Type | C4: Stage No. | D4: Stage Name | E4: Main Activities | F4: Department | G4: Duration Min (days) | H4: Duration Max (days) | I4: Predecessor Stage No(s). | J4: Link Type | K4: Lag / Overlap (days) | L4: Optional? | M4: When is it optional? | N4: Remarks
A5: PROPOSED | B5: Fixed tubesheet / MED evaporator | C5: 1 | D5: PO Receipt & Order Review | E5: Review PO, scope, specification, delivery and commercial requirements | F5: Projects / PMO | G5: 1 | H5: 2 | I5: — | J5: Finish-to-Start | K5: 0 | L5: No | N5: Planning estimate; Production Head/PPC approval required
A6: PROPOSED | B6: Fixed tubesheet / MED evaporator | C6: 2 | D6: Kick-Off / Pre-Inspection Meeting | E6: Internal kick-off, client/PIM, ITP/QAP and responsibility matrix | F6: Projects / PMO | G6: 2 | H6: 3 | I6: 1 | J6: Finish-to-Start | K6: 0 | L6: No | N6: Planning estimate
A7: PROPOSED | B7: Fixed tubesheet / MED evaporator | C7: 3 | D7: Thermal & Mechanical Design | E7: Thermal rating, pressure design, tube count, vibration and support checks | F7: Design & Detail Engineering | G7: 7 | H7: 15 | I7: 2 | J7: Finish-to-Start | K7: 0 | L7: No | N7: Planning estimate
A8: PROPOSED | B8: Fixed tubesheet / MED evaporator | C8: 4 | D8: Manufacturing Drawings | E8: GA, tubesheet layout, bundle, nozzle, support and weld details | F8: Design & Detail Engineering | G8: 7 | H8: 15 | I8: 3 | J8: Finish-to-Start | K8: 0 | L8: No | N8: Planning estimate
A9: PROPOSED | B9: Fixed tubesheet / MED evaporator | C9: 5 | D9: Client Drawing Approval | E9: Submission, comments, revision and approval | F9: Design & Detail Engineering | G9: 5 | H9: 15 | I9: 4 | J9: Finish-to-Start | K9: 0 | L9: No | N9: Planning estimate
A10: PROPOSED | B10: Fixed tubesheet / MED evaporator | C10: 6 | D10: BOM, MTO & Route Release | E10: Finalize BOM/MTO, cutting plans, route and work packs | F10: Planning / PPC | G10: 2 | H10: 4 | I10: 4, 5 | J10: Finish-to-Start | K10: 0 | L10: No | N10: May overlap approval only with documented risk release
A11: PROPOSED | B11: Fixed tubesheet / MED evaporator | C11: 7 | D11: Plate Procurement | E11: Shell, head, baffle, saddle and fabricated tubesheet plate | F11: Procurement | G11: 28 | H11: 56 | I11: 3 | J11: Finish-to-Start | K11: 0 | L11: No | N11: Planning estimate
A12: PROPOSED | B12: Fixed tubesheet / MED evaporator | C12: 8 | D12: Tube Procurement | E12: Heat-exchanger tubes and certificates | F12: Procurement | G12: 28 | H12: 70 | I12: 4 | J12: Finish-to-Start | K12: 0 | L12: No | N12: Titanium/alloy tube lead time is project-specific
A13: PROPOSED | B13: Fixed tubesheet / MED evaporator | C13: 9 | D13: Forging / Pipe / Flange Procurement | E13: Nozzle necks, flanges, forgings and fittings | F13: Procurement | G13: 21 | H13: 42 | I13: 4 | J13: Finish-to-Start | K13: 0 | L13: No | N13: Planning estimate
A14: PROPOSED | B14: Fixed tubesheet / MED evaporator | C14: 10 | D14: Bought-Out Items Procurement | E14: Gaskets, fasteners, grommets, instruments and nameplate | F14: Procurement | G14: 14 | H14: 35 | I14: 4 | J14: Finish-to-Start | K14: 0 | L14: No | N14: Planning estimate
A15: PROPOSED | B15: Fixed tubesheet / MED evaporator | C15: 11 | D15: Material Receipt & Incoming Inspection | E15: GRN, MTC review, visual and dimensional receipt inspection | F15: Stores | G15: 1 | H15: 3 | I15: 7, 8, 9, 10 | J15: Finish-to-Start | K15: 0 | L15: No | N15: May be repeated by material lot
A16: PROPOSED | B16: Fixed tubesheet / MED evaporator | C16: 12 | D16: Material Identification & Traceability | E16: PMI where required, heat-number transfer and traceability records | F16: Quality Control / QA | G16: 1 | H16: 2 | I16: 11 | J16: Finish-to-Start | K16: 0 | L16: No | N16: Planning estimate
A17: PROPOSED | B17: Fixed tubesheet / MED evaporator | C17: 13 | D17: Cutting / Blanking | E17: Cut shell, heads, baffles, saddles and tubesheet components | F17: Fabrication Prep | G17: 2 | H17: 5 | I17: 12 | J17: Finish-to-Start | K17: 0 | L17: No | N17: Planning estimate
A18: PROPOSED | B18: Fixed tubesheet / MED evaporator | C18: 14 | D18: Shell Rolling & Long-Seam Fit-Up | E18: Roll shell courses, align and fit longitudinal seams | F18: Fabrication Prep | G18: 3 | H18: 7 | I18: 13 | J18: Finish-to-Start | K18: 0 | L18: No | N18: Planning estimate
A19: PROPOSED | B19: Fixed tubesheet / MED evaporator | C19: 15 | D19: Shell Long-Seam Welding | E19: Weld longitudinal seams to approved WPS | F19: Fabrication / Welding | G19: 3 | H19: 7 | I19: 14 | J19: Finish-to-Start | K19: 0 | L19: No | N19: Planning estimate
A20: PROPOSED | B20: Fixed tubesheet / MED evaporator | C20: 16 | D20: Shell-Seam NDE & Dimensional Check | E20: Specified RT/UT/PT plus roundness and dimensional checks | F20: Quality Control / QA | G20: 2 | H20: 5 | I20: 15 | J20: Finish-to-Start | K20: 0 | L20: No | N20: Extent per ITP/QAP
A21: PROPOSED | B21: Fixed tubesheet / MED evaporator | C21: 17 | D21: Head Forming & Inspection | E21: Cold/hot form heads, trim, profile and examine | F21: Fabrication Prep | G21: 4 | H21: 10 | I21: 13 | J21: Finish-to-Start | K21: 0 | L21: No | N21: SP40 requires cold forming and full DP both sides
A22: PROPOSED | B22: Fixed tubesheet / MED evaporator | C22: 18 | D22: Tubesheet Fabrication / Weld Assembly | E22: Prepare segments/plates, fit and weld fabricated tubesheets | F22: Fabrication / Welding | G22: 4 | H22: 10 | I22: 13 | J22: Finish-to-Start | K22: 0 | L22: Yes | M22: Only for fabricated or segmental tubesheets | N22: Not used for one-piece forged tubesheets
A23: PROPOSED | B23: Fixed tubesheet / MED evaporator | C23: 19 | D23: Tubesheet Pre-Drill NDE | E23: Complete required NDE of tubesheet welds before drilling | F23: Quality Control / QA | G23: 1 | H23: 3 | I23: 18 | J23: Finish-to-Start | K23: 0 | L23: Yes | M23: When tubesheet is fabricated/welded | N23: SP40 requires 100% RT before drilling
A24: PROPOSED | B24: Fixed tubesheet / MED evaporator | C24: 20 | D24: Tubesheet Machining & Drilling | E24: Face, drill/ream tube holes, machine grooves and deburr | F24: Machine Shop | G24: 5 | H24: 15 | I24: 12, 19 | J24: Finish-to-Start | K24: 0 | L24: No | N24: For forged tubesheet predecessor 12; fabricated predecessor 19
A25: PROPOSED | B25: Fixed tubesheet / MED evaporator | C25: 21 | D25: Tubesheet Final Inspection | E25: Hole size/pitch, finish, flatness, thickness and dimensional checks | F25: Quality Control / QA | G25: 1 | H25: 3 | I25: 20 | J25: Finish-to-Start | K25: 0 | L25: No | N25: Planning estimate
A26: PROPOSED | B26: Fixed tubesheet / MED evaporator | C26: 22 | D26: Baffle / Support Plate Fabrication | E26: Cut, drill/machine, deburr and inspect baffles/support plates | F26: Machine Shop | G26: 3 | H26: 8 | I26: 13 | J26: Finish-to-Start | K26: 0 | L26: Yes | M26: When bundle has baffles or support plates | N26: Planning estimate
A27: PROPOSED | B27: Fixed tubesheet / MED evaporator | C27: 23 | D27: Nozzle & Flange Preparation | E27: Cut necks, machine flanges, bevel and inspect | F27: Machine Shop | G27: 2 | H27: 5 | I27: 12 | J27: Finish-to-Start | K27: 0 | L27: No | N27: Planning estimate
A28: PROPOSED | B28: Fixed tubesheet / MED evaporator | C28: 24 | D28: Shell Course Assembly | E28: Join shell courses and complete circumferential seams | F28: Fabrication / Welding | G28: 3 | H28: 8 | I28: 16 | J28: Finish-to-Start | K28: 0 | L28: No | N28: Planning estimate
A29: PROPOSED | B29: Fixed tubesheet / MED evaporator | C29: 25 | D29: Head-to-Shell Assembly | E29: Fit and weld heads/closures to shell | F29: Fabrication / Welding | G29: 2 | H29: 5 | I29: 17, 24 | J29: Finish-to-Start | K29: 0 | L29: No | N29: Planning estimate
A30: PROPOSED | B30: Fixed tubesheet / MED evaporator | C30: 26 | D30: Nozzle Fit-Up & Welding | E30: Mark, cut openings, fit and weld nozzles/reinforcement | F30: Fabrication / Welding | G30: 3 | H30: 7 | I30: 23, 25 | J30: Finish-to-Start | K30: 0 | L30: No | N30: Planning estimate
A31: PROPOSED | B31: Fixed tubesheet / MED evaporator | C31: 27 | D31: Supports & External Attachments | E31: Fit/weld saddles, clips, lugs and other attachments | F31: Fabrication / Welding | G31: 2 | H31: 5 | I31: 25 | J31: Finish-to-Start | K31: 0 | L31: No | N31: Planning estimate
A32: PROPOSED | B32: Fixed tubesheet / MED evaporator | C32: 28 | D32: Post-Weld NDE / PWHT | E32: NDE and PWHT where required by code/material/thickness | F32: Quality Control / QA | G32: 2 | H32: 7 | I32: 26, 27 | J32: Finish-to-Start | K32: 0 | L32: Yes | M32: As required by code, material, thickness, service or QAP | N32: PWHT operation remains subject to approval
A33: PROPOSED | B33: Fixed tubesheet / MED evaporator | C33: 29 | D33: Bundle Frame Assembly | E33: Assemble tie rods, baffles/support plates and bundle framework | F33: Fabrication / Welding | G33: 3 | H33: 7 | I33: 21, 22 | J33: Finish-to-Start | K33: 0 | L33: Yes | M33: For removable or framed tube bundles | N33: MED arrangement may assemble directly between tubesheets
A34: PROPOSED | B34: Fixed tubesheet / MED evaporator | C34: 30 | D34: Grommet / Tube-Hole Preparation | E34: Clean holes and install approved grommets or prepare expansion grooves | F34: Fabrication / Welding | G34: 2 | H34: 5 | I34: 21 | J34: Finish-to-Start | K34: 0 | L34: Yes | M34: For grommeted or mechanically expanded tube joints | N34: SP40 uses food-grade EPDM grommets
A35: PROPOSED | B35: Fixed tubesheet / MED evaporator | C35: 31 | D35: Tube Cutting, Cleaning & Inspection | E35: Cut tubes to length, clean, identify and inspect | F35: Fabrication Prep | G35: 2 | H35: 5 | I35: 8, 12 | J35: Finish-to-Start | K35: 0 | L35: No | N35: Planning estimate
A36: PROPOSED | B36: Fixed tubesheet / MED evaporator | C36: 32 | D36: Tube Insertion / Bundle Assembly | E36: Insert tubes through tubesheets, baffles and grommets | F36: Fabrication / Welding | G36: 4 | H36: 12 | I36: 29, 30, 31 | J36: Finish-to-Start | K36: 0 | L36: No | N36: Planning estimate
A37: PROPOSED | B37: Fixed tubesheet / MED evaporator | C37: 33 | D37: Tube Expansion / Seal Welding | E37: Expand and/or seal weld tube ends to approved procedure | F37: Fabrication / Welding | G37: 3 | H37: 10 | I37: 32 | J37: Finish-to-Start | K37: 0 | L37: Yes | M37: When the approved tube joint requires expansion or seal welding | N37: Not stated for SP40 grommeted joint
A38: PROPOSED | B38: Fixed tubesheet / MED evaporator | C38: 34 | D38: Tube Joint / Bundle Inspection | E38: Visual, dimensional, mock-up/pull-out or leak checks per QAP | F38: Quality Control / QA | G38: 1 | H38: 4 | I38: 32, 33 | J38: Finish-to-Start | K38: 0 | L38: No | N38: Use predecessor 32 when stage 33 is not applicable
A39: PROPOSED | B39: Fixed tubesheet / MED evaporator | C39: 35 | D39: Bundle Insertion / Tubesheet Fit-Up | E39: Insert removable bundle or fit tubesheet/bundle into shell | F39: Fabrication / Welding | G39: 2 | H39: 5 | I39: 25, 34 | J39: Finish-to-Start | K39: 0 | L39: Yes | M39: Sequence depends on fixed/removable bundle construction | N39: For fixed tubesheet units this may be progressive assembly
A40: PROPOSED | B40: Fixed tubesheet / MED evaporator | C40: 36 | D40: Channel / Bonnet Assembly | E40: Fit channels, bonnets, pass partitions, gaskets and bolting | F40: Fabrication / Welding | G40: 2 | H40: 5 | I40: 26, 35 | J40: Finish-to-Start | K40: 0 | L40: No | N40: Planning estimate
A41: PROPOSED | B41: Fixed tubesheet / MED evaporator | C41: 37 | D41: Final Internal Inspection & Closure | E41: Cleanliness, internals, tube ends, pass partition and closure checks | F41: Quality Control / QA | G41: 1 | H41: 3 | I41: 36 | J41: Finish-to-Start | K41: 0 | L41: No | N41: Planning estimate
A42: PROPOSED | B42: Fixed tubesheet / MED evaporator | C42: 38 | D42: Shell-Side Hydrostatic Test | E42: Fill, vent, pressurize, hold, inspect and drain shell side | F42: Quality Control / QA | G42: 1 | H42: 2 | I42: 37 | J42: Finish-to-Start | K42: 0 | L42: No | N42: Test pressure/hold time per approved drawing and QAP
A43: PROPOSED | B43: Fixed tubesheet / MED evaporator | C43: 39 | D43: Tube-Side Hydrostatic Test | E43: Fill, vent, pressurize, hold, inspect and drain tube side | F43: Quality Control / QA | G43: 1 | H43: 2 | I43: 38 | J43: Finish-to-Start | K43: 0 | L43: No | N43: Separate report required
A44: PROPOSED | B44: Fixed tubesheet / MED evaporator | C44: 40 | D44: Surface Treatment / Painting | E44: Surface preparation, coating, DFT checks and touch-up | F44: Surface Treatment & Painting | G44: 3 | H44: 7 | I44: 39 | J44: Finish-to-Start | K44: 0 | L44: Yes | M44: As required by material, service and paint specification | N44: Stainless/titanium surfaces may require cleaning/passivation instead
A45: PROPOSED | B45: Fixed tubesheet / MED evaporator | C45: 41 | D45: Final Inspection, MDR & Release | E45: Final dimensions, nameplate, punch closure, MDR and release note | F45: Documentation / MDR | G45: 2 | H45: 5 | I45: 39, 40 | J45: Finish-to-Start | K45: 0 | L45: No | N45: Use predecessor 39 when stage 40 is not applicable
A46: PROPOSED | B46: Fixed tubesheet / MED evaporator | C46: 42 | D46: Packing & Dispatch | E46: Preservation, packing, loading and dispatch documentation | F46: Dispatch & Logistics | G46: 1 | H46: 3 | I46: 41 | J46: Finish-to-Start | K46: 0 | L46: No | N46: Planning estimate

Sheet PV Stages (ref)
A1: REFERENCE DATA FROM THE TRACKER (do not edit). Use it to fill stage numbers in other sheets.
A2: The 36-stage pressure vessel lead-time table currently in the tracker. Use the Stage No. here in the 'Counts toward PV Stage No.' column of Part Routes and in Assembly Sequence. If anything here is wrong, tell us rather than editing.
A4: Stage No. | B4: Stage Name | C4: Main Activities | D4: Department | E4: Min Days | F4: Max Days | G4: Predecessor(s)
A5: 1 | B5: PO Receipt & Order Review | C5: PO review, scope, technical specification, drawings, delivery requirement, commercial conditions | D5: Projects / PMO | E5: 1 | F5: 2 | G5: —
A6: 2 | B6: Kick-Off / Pre-Inspection Meeting | C6: Internal kick-off, client/PIM, QCP/ITP finalization, responsibility matrix | D6: Projects / PMO | E6: 2 | F6: 3 | G6: 1
A7: 3 | B7: Engineering - Design Calculation | C7: Design calculation, PV Elite analysis, nozzle calculation, flange/skirt/support calculation | D7: Design & Detail Engineering | E7: 5 | F7: 10 | G7: 2
A8: 4 | B8: Engineering - Manufacturing Drawings | C8: GA drawing, fabrication drawing, nozzle orientation, support details, weld details | D8: Design & Detail Engineering | E8: 5 | F8: 10 | G8: 3
A9: 5 | B9: Client Drawing Approval | C9: Submission, review, comments, revision and approval | D9: Design & Detail Engineering | E9: 5 | F9: 15 | G9: 4
A10: 6 | B10: BOM & MTO Finalization | C10: BOM, raw-material requirement, cutting plan, bought-out items | D10: Planning / PPC | E10: 2 | F10: 4 | G10: 4
A11: 7 | B11: Material Procurement - Plates | C11: RFQ, quotation, PO to mill/vendor, manufacturing, inspection, dispatch | D11: Procurement | E11: 28 | F11: 56 | G11: 3
A12: 8 | B12: Material Procurement - Pipes/Forgings/Fittings | C12: Shell pipes, nozzles, flanges, forgings, fittings, etc. | D12: Procurement | E12: 21 | F12: 42 | G12: 4
A13: 9 | B13: Bought-Out Items Procurement | C13: Gaskets, fasteners, valves, instruments, name plate, supports, etc. | D13: Procurement | E13: 14 | F13: 35 | G13: 4
A14: 10 | B14: Material Receipt & Incoming Inspection | C14: MTC review, PMI, dimensions, visual inspection, heat-number verification | D14: Stores | E14: 1 | F14: 3 | G14: 7, 8, 9
A15: 11 | B15: Material Identification & Traceability | C15: Heat-number transfer, marking, material identification report | D15: Quality Control / QA | E15: 1 | F15: 2 | G15: 10
A16: 12 | B16: Cutting / Blanking / Petals | C16: Plate cutting, shell courses, dished-end blanks, nozzle blanks | D16: Fabrication Prep | E16: 2 | F16: 4 | G16: 11
... A40: 36 | B40: Dispatch | C40: Loading, securing and dispatch to site | D40: Dispatch & Logistics | E40: 1 | F40: 1 | G40: 35

Sheet Material Master
A1: REFERENCE DENSITY MASTER — LIGHT-YELLOW PV MATERIALS USE NOMINAL THEORETICAL DENSITY; MTC/SUPPLIER VALUES GOVERN FINAL WEIGHT.
A2: All materials used in the pilot/source BOMs. Density is in g/cm³; supplier-specific gasket, packing and elastomer compounds are highlighted as nominal planning values.
A4: Example? | B4: Material Specification | C4: Grade / UNS | D4: Product Form | E4: Density (g/cm³) | F4: Remarks
A5: REFERENCE | B5: SA 516 | C5: Gr.70 | D5: Plate | E5: 7.85 | F5: Nominal carbon-steel density for theoretical weight; confirm MTC
A6: REFERENCE | B6: SA 516 | C6: Gr.60 | D6: Plate | E6: 7.85 | F6: Nominal carbon-steel density for theoretical weight; confirm MTC
A7: REFERENCE | B7: SA 106 | C7: Gr.B | D7: Pipe | E7: 7.85 | F7: Nominal carbon-steel density for theoretical weight; confirm MTC
A8: REFERENCE | B8: SA 266 | C8: Gr.2 | D8: Forging | E8: 7.85 | F8: Nominal carbon-steel density for theoretical weight; confirm MTC
A9: REFERENCE | B9: SA 105 | D9: Forging | E9: 7.85 | F9: Nominal carbon-steel density for theoretical weight; confirm MTC
A10: REFERENCE | B10: SA 234 | C10: WPB | D10: Fitting | E10: 7.85 | F10: Nominal carbon-steel density for theoretical weight; confirm MTC
A11: REFERENCE | B11: SB 171 | C11: UNS C46400 | D11: Plate / forging | E11: 8.41 | F11: Nominal naval-brass value; verify exact product/MTC
A12: REFERENCE | B12: SB 111 | C12: UNS C44300 | D12: Tube | E12: 8.53 | F12: Nominal admiralty-brass value; verify exact product/MTC
A13: REFERENCE | B13: SB 351 | C13: Alloy 443 | D13: Casting | E13: 8.53 | F13: Grade designation requires engineering confirmation; temporary nominal brass value
A14: REFERENCE | B14: SA 515 | C14: Gr.60 | D14: Plate | E14: 7.85 | F14: Nominal carbon-steel density for theoretical weight; confirm MTC
A15: REFERENCE | B15: SA 179 | D15: Tube | E15: 7.85 | F15: Nominal carbon-steel density for theoretical weight; confirm MTC
A16: REFERENCE | B16: IS 2062 | C16: Gr.B | D16: Plate / structural | E16: 7.85 | F16: Nominal carbon-steel density for theoretical weight; confirm certificate
A17: REFERENCE | B17: IS 1239 | D17: Pipe | E17: 7.85 | F17: Nominal carbon-steel density for theoretical weight; confirm certificate
A18: REFERENCE | B18: SS 304 | D18: Plate / sheet | E18: 7.93 | F18: Typical 304 stainless density; confirm grade certificate
A19: REFERENCE | B19: SS 316 (spiral wound gasket) | D19: Winding strip | E19: 7.98 | F19: Metal-strip density only; complete gasket weight must use catalogue/supplier weight
A20: NOMINAL — VERIFY | B20: Aluminium Bronze (W.D) | D20: Weld deposit | E20: 7.7 | F20: Nominal planning value; alloy classification and consumable certificate required
A21: REFERENCE | B21: Zinc (anode) | D21: Casting / anode | E21: 7.14 | F21: Typical zinc density; use supplier net weight for finished anode
A22: REFERENCE | B22: SA 193 | C22: B7 / B7M | D22: Stud / bar | E22: 7.85 | F22: Nominal alloy-steel density; confirm MTC
A23: REFERENCE | B23: SA 194 | C23: 2H / 2HM | D23: Nut | E23: 7.85 | F23: Nominal alloy-steel density; catalogue weight preferred for finished nuts
A24: NOMINAL — VERIFY | B24: Graphite packing | D24: Packing | E24: 1.4 | F24: Bulk/finished density varies by braid and impregnation; supplier datasheet overrides
A25: NOMINAL — VERIFY | B25: BUNA-N | D25: Elastomer | E25: 1 | F25: Compound-specific nominal value; supplier datasheet overrides
A26: NOMINAL — VERIFY | B26: Compressed fibre / Permanite gasket | D26: Gasket sheet | E26: 1.8 | F26: Product-specific nominal value; supplier datasheet overrides
A27: REFERENCE | B27: SA240 | C27: S32205 | D27: Plate | E27: 7.82 | F27: SP40 basis value; confirm MTC
A28: REFERENCE | B28: SA790 | C28: S32205 | D28: Pipe | E28: 7.82 | F28: SP40 basis value; confirm MTC
A29: REFERENCE | B29: SA182 | C29: Gr.F60 | D29: Forging | E29: 7.82 | F29: Duplex S32205 family nominal value; confirm MTC
A30: REFERENCE | B30: SA193 | C30: Gr.B8M | D30: Stud | E30: 7.98 | F30: 316-family stainless nominal value; confirm MTC
A31: REFERENCE | B31: SA194 | C31: Gr.8M | D31: Nut | E31: 7.98 | F31: 316-family stainless nominal value; catalogue weight preferred
A32: REFERENCE | B32: SS316L | D32: Washer | E32: 7.98 | F32: Typical 316L stainless density; catalogue weight preferred
A33: REFERENCE | B33: SB338 | C33: Gr.2 | D33: Tube | E33: 4.51 | F33: Titanium Grade 2 typical density; confirm MTC
A34: NOMINAL — VERIFY | B34: EPDM | C34: Food grade | D34: Gasket / grommet | E34: 1.15 | F34: Compound-specific nominal value; approved supplier datasheet and food-grade certificate required
A35: REFERENCE | B35: PTFE | C35: Food grade | D35: Sheet | E35: 2.2 | F35: Typical unfilled PTFE density; filled grade/supplier datasheet overrides
A36: REFERENCE | B36: Toughened borosilicate | D36: View glass | E36: 2.23 | F36: Borosilicate 3.3 reference density; verify purchased glass grade
A37: REFERENCE | B37: SA 333 | C37: Gr.6 | D37: Pipe | E37: 7.85 | F37: PV drawing Rev. C items 207/209; nominal carbon/low-alloy steel density; confirm MTC
A38: REFERENCE | B38: SA 53 | C38: Gr.B | D38: Pipe | E38: 7.85 | F38: PV drawing item 226 alternative; confirm actual MTC grade
A39: REFERENCE | B39: IS 2062 | C39: E250B | D39: Plate / bar | E39: 7.85 | F39: PV skirt/base/gusset/eye-bolt material; confirm certificate
A40: REFERENCE | B40: IS 1367 | C40: Class 4 | D40: Nut | E40: 7.85 | F40: Finished nut catalogue weight preferred
A41: REFERENCE | B41: IS 1367 | C41: Gr.8.8 | D41: Foundation bolt | E41: 7.85 | F41: Finished bolt-set catalogue weight preferred
A42: REFERENCE | B42: Mild steel | D42: Rivet | E42: 7.85 | F42: Nominal value for drawing item 230
A43: NOMINAL — VERIFY | B43: Stainless steel | C43: Unspecified | D43: Washer | E43: 7.93 | F43: PV item 223 grade unspecified; confirm supplier/MTC
A44: NOMINAL — VERIFY | B44: Grafoil filler | D44: Spiral wound gasket | E44: 1.1 | F44: Bulk density varies by construction; use supplier gasket weight

Sheet Lists
A1: Operations | B1: Departments | C1: Equipment | D1: Assembly Groups | E1: Make / Buy | F1: Raw Material Form | G1: Weight Basis | H1: Yes / No | I1: Time Unit | J1: Time Basis | K1: Link Type | L1: Step Kind | M1: Status | N1: Route Source
A2: Receipt | B2: Projects / PMO | C2: PV | D2: Shell | E2: Made in-house | F2: Plate | G2: Plate (L x W x T) | H2: Yes | I2: Hours | J2: Per piece | K2: Finish-to-Start | L2: Work | M2: Draft | N2: Current shop practice
A3: MTC Verification / Material Identification | B3: Design & Detail Engineering | C3: HE | D3: Heads / Dished Ends | E3: Bought-out | F3: Pipe | G3: Rolled shell (ID, T, L) | H3: No | I3: Days | J3: Per job | K3: Start-to-Start (overlap allowed) | L3: Inspection | M3: Reviewed | N3: Client / QAP requirement
A4: Cutting / Blanking | B4: Planning / PPC | C4: PV + HE | D4: Nozzles | E4: Bought + machined in-house | F4: Tube | G4: Pipe / Tube (OD, T, L) | J4: Per metre of weld | M4: Approved by Production Head | N4: Code / standard
A5: Edge Preparation / Beveling | B5: Procurement | D5: Flanges | E5: Bought + fabricated in-house | F5: Forging | G5: Ring / Flange (OD, ID, T) | J5: Per joint | N5: Assumed – to be confirmed
A6: Rolling | B6: Stores | D6: Channel / Bonnet | E6: Outsourced job work | F6: Bar / Rod | G6: Disc (OD, T) | J6: Per hole
A7: Forming / Pressing / Dishing | B7: Quality Control / QA | D7: Tube Bundle | F7: Casting | G7: Bar / Rod (Dia, L) | J7: Per tube
A8: Machining | B8: Fabrication Prep | D8: Floating Head | F8: Standard item (catalogue) | G8: Dished head (to be defined) | J8: Per kg
A9: Fit-up | B9: Machine Shop | D9: Internals | F9: Assembly (made of other parts) | G9: Catalogue weight (per piece)
A10: Welding | B10: Fabrication / Welding | D10: Externals / Supports | G10: Sum of child parts
A11: Grinding | B11: Heat Treatment | D11: Bolting & Gaskets
A12: NDT | B12: Surface Treatment & Painting | D12: Test Fixtures
A13: Surface Preparation / Blasting | B13: Documentation / MDR | D13: Anodes / Cathodic
A14: Painting / Coating | B14: Dispatch & Logistics | D14: Name Plate & Marking
A15: Inspection | B15: Vendor (outside DESPL) | D15: Spares
A16: Threading | D16: Other
A17: Tube Expansion
A18: Assembly Check

Sheet Review Actions
A1: Production Review & Source Corrections | J1: Correction Calculations
A2: No route, stage, duration, or approval below is treated as confirmed. Close these actions with the Production Head and responsible department before tracker loading.
J3: Check | K3: Value
A4: ID | B4: Category | C4: Source / Location | D4: Issue or Decision Required | E4: Controlled Action / Proposed Correction | F4: Owner | G4: Status | H4: Evidence / Impact | J4: Shell cover barrel corrected weight (kg) | K4: =PI()/4*((356+2*10)^2-356^2)*218/1000000000*7850 -> 19.676919
A5: Q-01 | B5: Routing authority | C5: User instruction / conflicting route documents | D5: Which source governs PV and HE routes? Flange, dished-end and tubesheet routes conflict. | E5: Production Head to nominate controlling document and approve each pilot route. | F5: Production Head | G5: Open | H5: SP40 package is Rev.0 marked Submission and supplies component requirements, but does not designate itself as the controlling shop-routing document. | J5: Original stated weight (kg) | K5: 170.33976
A6: Q-02 | B6: HE scope | C6: Master BOM _PV_HE.xlsx | D6: Which HE types are actually manufactured: fixed tubesheet, U-tube, floating head, Twin Oil Cooler or others? | E6: Approve the HE type list before HE Stages are created. | F6: Production Head / Engineering | G6: Open | H6: SP40 drawing package confirms MED Train 1 with three effects and six tubesheets; it does not define the organization's complete HE type list. | J6: Overstatement (kg) | K6: =K5-K4 -> 150.66284
A7: Q-03 | B7: Tube joint | C7: HE component master | D7: Expansion only or expansion plus seal welding? Which mock-up, pull-out and leak tests apply? | E7: Approve joint variants and acceptance records. | F7: Production Head / QC | G7: Open | H7: SP40-02-02-11-04 Rev.0 resolves this project as Ø21.3 tubes tight-fit with food-grade EPDM grommets; it specifies neither expansion nor seal welding nor joint testing. Other HE designs remain unresolved. | J7: Potential duplicated assembly weight (kg) | K7: =38.01+30.79+33.84 -> 102.64
A8: Q-04 | B8: Aluminium bronze | C8: HE 803-E-5 | D8: Are AL.BR.W.D lines overlay/cladding or separate parts? | E8: Confirm BOM representation and weight treatment. | F8: Engineering / Production Head | G8: Open | H8: Duplicate-looking CS and AL bronze lines occur for flanges and partition plates.
A9: Q-05 | B9: PWHT scope | C9: PV/HE route masters | D9: Is PWHT done on individual parts, the complete equipment, or both? | E9: Define route condition and equipment stage mapping. | F9: Production Head / QC | G9: Open | H9: Heat treatment is not in the fixed operation list.
A10: Q-06 | B10: Live jobs | C10: HE 803-E-5 and OC-48-0223 | D10: Are these live jobs for tracker entry or historical source BOMs only? | E10: Confirm job status before importing job-specific quantities. | F10: Projects / PMO | G10: Open | H10: Used here only as evidence for standard part families.
A11: Q-07 | B11: PV reference | C11: Master BOM _PV.xlsx | D11: Should this BOM or DESPL-320 be the governing PV reference? | E11: Name one controlled PV baseline. | F11: Production Head / Engineering | G11: Open | H11: Current assembly sheet cites DESPL-320; attached PV BOM contains a different extract.
A12: Q-08 | B12: TOC source | C12: TOC Practice and Tube sheet Bundle - TOC | D12: Which overlapping Twin Oil Cooler sheet is authoritative? | E12: Retain one controlled BOM and archive/identify the derivative extract. | F12: Production Head / Engineering | G12: Open | H12: The bundle sheet is a subset; some calculated weights differ.
A13: C-01 | B13: Weight formula | C13: HE 803-E-5 P.No 2 | D13: Shell Cover Barrel is calculated as a solid cylinder: 170.34 kg. | E13: Use hollow-cylinder formula; at ID 356, t 10, L 218 and 7.85 g/cm³, calculated weight is about 19.86 kg. | F13: Engineering | G13: Open | H13: Overstatement about 150.48 kg.
A14: C-02 | B14: Double count | C14: HE 803-E-5 P.No 42–44 and 201–243 | D14: Saddle and davit assemblies have lump weights and child parts are listed again. | E14: Set parent assemblies to Sum of child parts and count weight once. | F14: Engineering | G14: Open | H14: 38.01 + 30.79 + 33.84 = 102.64 kg potential duplicate.
A15: C-03 | B15: Item numbering | C15: HE 803-E-5 | D15: Item numbers 8, 32, 33, 117 and 125 repeat; 14A is non-numeric. | E15: Renumber every BOM line uniquely and update drawing references. | F15: Engineering | G15: Open | H15: Duplicate keys will break tracker import.
A16: C-04 | B16: Thickness conflict | C16: HE 803-E-5 P.No 32–33 and 125 | D16: Description says 10 THK while thickness field says 5 or 6. | E16: Confirm drawing thickness and correct both description and numeric field. | F16: Engineering / QC | G16: Open | H16: Weight and procurement quantity depend on thickness.
A17: C-05 | B17: Length error | C17: HE 803-E-5 P.No 40; TOC item 1055 | D17: Length entered as 10 and 30 instead of 100 and 300. | E17: Correct numeric length after drawing check and recalculate weight. | F17: Engineering | G17: Open | H17: Current calculated weights are understated.
A18: C-06 | B18: Nozzle tags | C18: HE 803-E-5 P.No 29–30 | D18: Gaskets are tagged V1,D2 and V2,D2; D2 repeats and D1 is missing. | E18: Correct first tag set to V1,D1 if drawing confirms. | F18: Engineering | G18: Open | H18: Mismatch with corresponding flange and bolting tags.
A19: C-07 | B19: Spare gasket sizes | C19: Mandatory Spares versus main BOM | D19: Spare gasket dimensions do not match mating main-BOM flanges. | E19: Reconcile each spare gasket OD/ID/class against the approved flange drawing. | F19: Engineering / Procurement | G19: Open | H19: Example: shell-cover spare 246/226 versus flange 498/356.
... A38: PV-08 | B38: Approval | C38: Parts Master PV rows 35:64 | D38: No newly added PV family has Production Head approval. | E38: Review routes, assembly, times and operation proposals; change status only after signed approval. | F38: Production Head | G38: Open | H38: Tracker load readiness remains HOLD.

Sheet Pilot Review
A1: STANDARD PARTS MASTER — PILOT REVIEW | K1: 30-MINUTE REVIEW AGENDA
A2: PROPOSED REVIEW BASELINE — 10 pilot parts, 73 routes and 42 HE stages are filled; no time, stage, route or part is approved until signed by the Production Head/PPC.
K3: TIME | L3: TOPIC | M3: REQUIRED OUTPUT
A4: CONTROL STATUS | B4: LIVE VALUE | K4: 0–5 min | L4: Controlling sources | M4: Approve governing PV/HE routing documents
A5: Pilot parts | B5: =COUNTA('Parts Master'!B5:B14) -> 10 | K5: 5–10 min | L5: HE scope | M5: Approve exchanger types and stage framework
A6: Route steps | B6: =SUM('Parts Master'!R5:R14) -> 73 | K6: 10–18 min | L6: Pilot routes | M6: Confirm steps, departments, conditions and stage mapping
A7: HE stages entered | B7: =COUNT('HE Stages'!C5:C306) -> 42 | K7: 18–23 min | L7: Standard times | M7: Assign supervisors and time-study basis
A8: Missing stage mappings | B8: =SUM('Parts Master'!S5:S14) -> 0 | K8: 23–27 min | L8: BOM corrections | M8: Approve correction owner and drawing checks
A9: Route steps missing standard time | B9: {=SUMPRODUCT(--ISNUMBER(MATCH('Part Routes'!B5:B336,'Parts Master'!B5:B14,0)),--('Part Routes'!K5:K336=""))} -> 0 | K9: 27–30 min | L9: Sign-off | M9: Record owners, due dates and approval status
A10: Open review actions | B10: =COUNTIF('Review Actions'!G5:G30,"Open") -> 26
A11: Approved pilot parts | B11: =COUNTIF('Parts Master'!P5:P14,"Approved by Production Head") -> 0
A12: Tracker load readiness | B12: HOLD – Production Head approval pending | K12: SIGN-OFF ROLE | L12: NAME | M12: DATE
K13: Prepared by
A14: PART CODE | B14: PART NAME | C14: EQUIPMENT | D14: STEPS | E14: MISSING STAGE | F14: MISSING TIME | G14: ROUTE SOURCE | H14: STATUS | I14: REVIEW RESULT | K14: Production Head
A15: ='Parts Master'!B5 -> SHL-01 | B15: ='Parts Master'!C5 -> Shell Course | C15: ='Parts Master'!D5 -> PV + HE | D15: ='Parts Master'!R5 -> 9 | E15: ='Parts Master'!S5 -> 0 | F15: =COUNTIFS('Part Routes'!B$5:B$336,A15,'Part Routes'!K$5:K$336,"") -> 0 | G15: ='Parts Master'!M5 -> Assumed – to be confirmed | H15: ='Parts Master'!P5 -> Draft | I15: =IF(H15="Approved by Production Head",IF(AND(E15=0,F15=0),"READY","HOLD — INCOMPLETE"),"HOLD — APPROVAL") -> HOLD — APPROVAL | K15: Production Supervisor
A16: ='Parts Master'!B6 -> HED-01 | B16: ='Parts Master'!C6 -> Dished End | C16: ='Parts Master'!D6 -> PV + HE | D16: ='Parts Master'!R6 -> 16 | E16: ='Parts Master'!S6 -> 0 | F16: =COUNTIFS('Part Routes'!B$5:B$336,A16,'Part Routes'!K$5:K$336,"") -> 0 | G16: ='Parts Master'!M6 -> Assumed – to be confirmed | H16: ='Parts Master'!P6 -> Draft | I16: =IF(H16="Approved by Production Head",IF(AND(E16=0,F16=0),"READY","HOLD — INCOMPLETE"),"HOLD — APPROVAL") -> HOLD — APPROVAL | K16: PPC / Planning
A17: ='Parts Master'!B7 -> NOZ-01 | B17: ='Parts Master'!C7 -> Nozzle Neck | C17: ='Parts Master'!D7 -> PV + HE | D17: ='Parts Master'!R7 -> 9 | E17: ='Parts Master'!S7 -> 0 | F17: =COUNTIFS('Part Routes'!B$5:B$336,A17,'Part Routes'!K$5:K$336,"") -> 0 | G17: ='Parts Master'!M7 -> Assumed – to be confirmed | H17: ='Parts Master'!P7 -> Draft | I17: =IF(H17="Approved by Production Head",IF(AND(E17=0,F17=0),"READY","HOLD — INCOMPLETE"),"HOLD — APPROVAL") -> HOLD — APPROVAL
A18: ='Parts Master'!B8 -> FLG-01 | B18: ='Parts Master'!C8 -> Nozzle Flange | C18: ='Parts Master'!D8 -> PV + HE | D18: ='Parts Master'!R8 -> 5 | E18: ='Parts Master'!S8 -> 0 | F18: =COUNTIFS('Part Routes'!B$5:B$336,A18,'Part Routes'!K$5:K$336,"") -> 0 | G18: ='Parts Master'!M8 -> Assumed – to be confirmed | H18: ='Parts Master'!P8 -> Draft | I18: =IF(H18="Approved by Production Head",IF(AND(E18=0,F18=0),"READY","HOLD — INCOMPLETE"),"HOLD — APPROVAL") -> HOLD — APPROVAL | K18: Do not change HOLD to READY until every route has stage mapping and standard time, HE stages are approved, all actions are closed, and the Production Head has approved all 10 parts.
A19: ='Parts Master'!B9 -> TSH-01 | B19: ='Parts Master'!C9 -> Tube Sheet | C19: ='Parts Master'!D9 -> HE | D19: ='Parts Master'!R9 -> 7 | E19: ='Parts Master'!S9 -> 0 | F19: =COUNTIFS('Part Routes'!B$5:B$336,A19,'Part Routes'!K$5:K$336,"") -> 0 | G19: ='Parts Master'!M9 -> Assumed – to be confirmed | H19: ='Parts Master'!P9 -> Draft | I19: =IF(H19="Approved by Production Head",IF(AND(E19=0,F19=0),"READY","HOLD — INCOMPLETE"),"HOLD — APPROVAL") -> HOLD — APPROVAL
A20: ='Parts Master'!B10 -> TUB-01 | B20: ='Parts Master'!C10 -> Tube | C20: ='Parts Master'!D10 -> HE | D20: ='Parts Master'!R10 -> 5 | E20: ='Parts Master'!S10 -> 0 | F20: =COUNTIFS('Part Routes'!B$5:B$336,A20,'Part Routes'!K$5:K$336,"") -> 0 | G20: ='Parts Master'!M10 -> Assumed – to be confirmed | H20: ='Parts Master'!P10 -> Draft | I20: =IF(H20="Approved by Production Head",IF(AND(E20=0,F20=0),"READY","HOLD — INCOMPLETE"),"HOLD — APPROVAL") -> HOLD — APPROVAL
A21: ='Parts Master'!B11 -> BAF-01 | B21: ='Parts Master'!C11 -> Baffle | C21: ='Parts Master'!D11 -> HE | D21: ='Parts Master'!R11 -> 6 | E21: ='Parts Master'!S11 -> 0 | F21: =COUNTIFS('Part Routes'!B$5:B$336,A21,'Part Routes'!K$5:K$336,"") -> 0 | G21: ='Parts Master'!M11 -> Assumed – to be confirmed | H21: ='Parts Master'!P11 -> Draft | I21: =IF(H21="Approved by Production Head",IF(AND(E21=0,F21=0),"READY","HOLD — INCOMPLETE"),"HOLD — APPROVAL") -> HOLD — APPROVAL
A22: ='Parts Master'!B12 -> SAD-01 | B22: ='Parts Master'!C12 -> Saddle | C22: ='Parts Master'!D12 -> PV + HE | D22: ='Parts Master'!R12 -> 10 | E22: ='Parts Master'!S12 -> 0 | F22: =COUNTIFS('Part Routes'!B$5:B$336,A22,'Part Routes'!K$5:K$336,"") -> 0 | G22: ='Parts Master'!M12 -> Assumed – to be confirmed | H22: ='Parts Master'!P12 -> Draft | I22: =IF(H22="Approved by Production Head",IF(AND(E22=0,F22=0),"READY","HOLD — INCOMPLETE"),"HOLD — APPROVAL") -> HOLD — APPROVAL
A23: ='Parts Master'!B13 -> STD-01 | B23: ='Parts Master'!C13 -> Stud with Two Nuts | C23: ='Parts Master'!D13 -> PV + HE | D23: ='Parts Master'!R13 -> 3 | E23: ='Parts Master'!S13 -> 0 | F23: =COUNTIFS('Part Routes'!B$5:B$336,A23,'Part Routes'!K$5:K$336,"") -> 0 | G23: ='Parts Master'!M13 -> Assumed – to be confirmed | H23: ='Parts Master'!P13 -> Draft | I23: =IF(H23="Approved by Production Head",IF(AND(E23=0,F23=0),"READY","HOLD — INCOMPLETE"),"HOLD — APPROVAL") -> HOLD — APPROVAL
A24: ='Parts Master'!B14 -> GAS-01 | B24: ='Parts Master'!C14 -> Gasket | C24: ='Parts Master'!D14 -> PV + HE | D24: ='Parts Master'!R14 -> 3 | E24: ='Parts Master'!S14 -> 0 | F24: =COUNTIFS('Part Routes'!B$5:B$336,A24,'Part Routes'!K$5:K$336,"") -> 0 | G24: ='Parts Master'!M14 -> Assumed – to be confirmed | H24: ='Parts Master'!P14 -> Draft | I24: =IF(H24="Approved by Production Head",IF(AND(E24=0,F24=0),"READY","HOLD — INCOMPLETE"),"HOLD — APPROVAL") -> HOLD — APPROVAL
A27: ID | B27: CATEGORY | C27: DECISION REQUIRED | D27: OWNER | E27: STATUS | F27: CONTROLLED ACTION
A28: ='Review Actions'!A5 -> Q-01 | B28: ='Review Actions'!B5 -> Routing authority | C28: ='Review Actions'!D5 -> Which source governs PV and HE routes? Flange, dished-end and tubesheet routes conflict. | D28: ='Review Actions'!F5 -> Production Head | E28: ='Review Actions'!G5 -> Open | F28: ='Review Actions'!E5 -> Production Head to nominate controlling document and approve each pilot route.
A29: ='Review Actions'!A6 -> Q-02 | B29: ='Review Actions'!B6 -> HE scope | C29: ='Review Actions'!D6 -> Which HE types are actually manufactured: fixed tubesheet, U-tube, floating head, Twin Oil Cooler or others? | D29: ='Review Actions'!F6 -> Production Head / Engineering | E29: ='Review Actions'!G6 -> Open | F29: ='Review Actions'!E6 -> Approve the HE type list before HE Stages are created.
A30: ='Review Actions'!A7 -> Q-03 | B30: ='Review Actions'!B7 -> Tube joint | C30: ='Review Actions'!D7 -> Expansion only or expansion plus seal welding? Which mock-up, pull-out and leak tests apply? | D30: ='Review Actions'!F7 -> Production Head / QC | E30: ='Review Actions'!G7 -> Open | F30: ='Review Actions'!E7 -> Approve joint variants and acceptance records.
A31: ='Review Actions'!A8 -> Q-04 | B31: ='Review Actions'!B8 -> Aluminium bronze | C31: ='Review Actions'!D8 -> Are AL.BR.W.D lines overlay/cladding or separate parts? | D31: ='Review Actions'!F8 -> Engineering / Production Head | E31: ='Review Actions'!G8 -> Open | F31: ='Review Actions'!E8 -> Confirm BOM representation and weight treatment.
A32: ='Review Actions'!A9 -> Q-05 | B32: ='Review Actions'!B9 -> PWHT scope | C32: ='Review Actions'!D9 -> Is PWHT done on individual parts, the complete equipment, or both? | D32: ='Review Actions'!F9 -> Production Head / QC | E32: ='Review Actions'!G9 -> Open | F32: ='Review Actions'!E9 -> Define route condition and equipment stage mapping.
A33: ='Review Actions'!A10 -> Q-06 | B33: ='Review Actions'!B10 -> Live jobs | C33: ='Review Actions'!D10 -> Are these live jobs for tracker entry or historical source BOMs only? | D33: ='Review Actions'!F10 -> Projects / PMO | E33: ='Review Actions'!G10 -> Open | F33: ='Review Actions'!E10 -> Confirm job status before importing job-specific quantities.
A34: ='Review Actions'!A11 -> Q-07 | B34: ='Review Actions'!B11 -> PV reference | C34: ='Review Actions'!D11 -> Should this BOM or DESPL-320 be the governing PV reference? | D34: ='Review Actions'!F11 -> Production Head / Engineering | E34: ='Review Actions'!G11 -> Open | F34: ='Review Actions'!E11 -> Name one controlled PV baseline.
A35: ='Review Actions'!A12 -> Q-08 | B35: ='Review Actions'!B12 -> TOC source | C35: ='Review Actions'!D12 -> Which overlapping Twin Oil Cooler sheet is authoritative? | D35: ='Review Actions'!F12 -> Production Head / Engineering | E35: ='Review Actions'!G12 -> Open | F35: ='Review Actions'!E12 -> Retain one controlled BOM and archive/identify the derivative extract.
A36: ='Review Actions'!A13 -> C-01 | B36: ='Review Actions'!B13 -> Weight formula | C36: ='Review Actions'!D13 -> Shell Cover Barrel is calculated as a solid cylinder: 170.34 kg. | D36: ='Review Actions'!F13 -> Engineering | E36: ='Review Actions'!G13 -> Open | F36: ='Review Actions'!E13 -> Use hollow-cylinder formula; at ID 356, t 10, L 218 and 7.85 g/cm³, calculated weight is about 19.86 kg.
A37: ='Review Actions'!A14 -> C-02 | B37: ='Review Actions'!B14 -> Double count | C37: ='Review Actions'!D14 -> Saddle and davit assemblies have lump weights and child parts are listed again. | D37: ='Review Actions'!F14 -> Engineering | E37: ='Review Actions'!G14 -> Open | F37: ='Review Actions'!E14 -> Set parent assemblies to Sum of child parts and count weight once.
A38: ='Review Actions'!A15 -> C-03 | B38: ='Review Actions'!B15 -> Item numbering | C38: ='Review Actions'!D15 -> Item numbers 8, 32, 33, 117 and 125 repeat; 14A is non-numeric. | D38: ='Review Actions'!F15 -> Engineering | E38: ='Review Actions'!G15 -> Open | F38: ='Review Actions'!E15 -> Renumber every BOM line uniquely and update drawing references.
A39: ='Review Actions'!A16 -> C-04 | B39: ='Review Actions'!B16 -> Thickness conflict | C39: ='Review Actions'!D16 -> Description says 10 THK while thickness field says 5 or 6. | D39: ='Review Actions'!F16 -> Engineering / QC | E39: ='Review Actions'!G16 -> Open | F39: ='Review Actions'!E16 -> Confirm drawing thickness and correct both description and numeric field.
... A46: ='Review Actions'!A23 -> A-03 | B46: ='Review Actions'!B23 -> Approval names | C46: ='Review Actions'!D23 -> Prepared-by and checked-by real names were not supplied. | D46: ='Review Actions'!F23 -> Document Control | E46: ='Review Actions'!G23 -> Open | F46: ='Review Actions'!E23 -> Enter actual preparer and Production Head reviewer names during sign-off.

Sheet SP40 Drawing Basis
A1: SP40 MED TRAIN 1 — DRAWING BASIS & TRACEABILITY
A2: Source: SP40-02-03-04-001-R0 package (25 PDF pages). Drawing-backed facts are recorded below; shop routes, stages, durations and Production Head approval are not inferred.
A4: EQUIPMENT BASIS | B4: VALUE
A5: Project | B5: SP40 – Solar Thermal Desalination Plant
A6: Equipment | B6: MED Train 1 vessel / evaporator
A7: Configuration evidenced | B7: Three effects; six Ø3000 fabricated tubesheets; titanium tubes with EPDM grommets
A8: Drawing status | B8: Revision 0 – Submission
A9: Construction code | B9: ASME Section VIII Division 1 – 2025
A10: Design pressure | B10: 0.01 bar(a) internal
A11: Hydro test pressure | B11: 1 bar(g)
A12: Design temperature | B12: 100 °C
A13: Tracker status | B13: HOLD — Production Head/PPC review required
H14: Drawing requirement; proposed stage/time entered – approval pending
A15: REQ ID | B15: COMPONENT | C15: DRAWING / SHEET | D15: SOURCE PAGE | E15: CONFIRMED REQUIREMENT | F15: FIXED OPERATION | G15: WORKBOOK LOCATION | H15: Drawing requirement; proposed stage/time entered – approval pending
A16: R-01 | B16: Dished Head | C16: SP40-02-03-04-001 / 01–02 | D16: 1–2 | E16: 2:1 semi-ellipsoidal; ID 3000; raw 12; formed 10 min; ICR 2700; IKR 510; SF 50; blank Ø3772 | F16: Forming / Pressing / Dishing | G16: Part Routes HED-01 Variant B | H16: Drawing requirement; proposed stage/time entered – approval pending
A17: R-02 | B17: Dished Head | C17: SP40-02-03-04-001 / 01–02 | D17: 1–2 | E17: Cold forming required | F17: Forming / Pressing / Dishing | G17: Part Routes HED-01 Variant B | H17: Drawing requirement; proposed stage/time entered – approval pending
A18: R-03 | B18: Dished Head | C18: SP40-02-03-04-001 / 01–02 | D18: 1–2 | E18: Full dye penetrant test inside and outside in presence of TPI | F18: NDT | G18: Part Routes HED-01 Variant B | H18: Drawing requirement; proposed stage/time entered – approval pending
A19: R-04 | B19: Dished Head | C19: SP40-02-03-04-001 / 01–02 | D19: 1–2 | E19: Template profile check and UG-81 tolerances | F19: Inspection | G19: Part Routes HED-01 Variant B | H19: Drawing requirement; proposed stage/time entered – approval pending
A20: R-05 | B20: Tubesheet | C20: SP40-02-03-04-002 / 01–06 | D20: 14–19 | E20: SA240 S32205 plate, OD 3000 × 10; six effect-specific layouts | F20: — | G20: Parts Master TSH-02 | H20: Drawing requirement; proposed stage/time entered – approval pending
A21: R-06 | B21: Tubesheet | C21: SP40-02-03-04-002 / 01–06 | D21: 14–19 | E21: Plate-to-plate weld 100% RT and accepted before drilling | F21: NDT | G21: Part Routes TSH-02 | H21: Drawing requirement; proposed stage/time entered – approval pending
A22: R-07 | B22: Tubesheet | C22: SP40-02-03-04-002 / 01–06 | D22: 14–19 | E22: Tube holes Ø24.7; pitch 28.78; finish 1.6 microns; deburr; 0.5 × 45° chamfer both sides | F22: Machining | G22: Part Routes TSH-02 | H22: No expansion/seal weld stated; assembly stage mapped, joint method remains open
A23: R-08 | B23: Tubesheet | C23: SP40-02-03-04-002 / 01–06 | D23: 14–19 | E23: Maintain flatness, circularity and freedom from distortion through fabrication/welding/machining | F23: Inspection | G23: Part Routes TSH-02 | H23: Part definition confirmed; proposed route mapping/time requires approval
A24: R-09 | B24: Tube joint | C24: SP40-02-02-11-04 | D24: 23 | E24: Ø21.3 tube through 10 mm tubesheets; tight fit with grommets | F24: Installation (proposed) | G24: Assembly Sequence | H24: Compound data and supplier certification pending
A25: R-10 | B25: Tube | C25: SP40-02-03-05 + SP40-02-02-11-04 | D25: 3, 23 | E25: SB338 Gr.2 titanium, OD 21.3 × 0.4; 3000 overall for Effects 1–8; 2260 for Effect 9 | F25: — | G25: Parts Master TUB-01 | H25: Retention method approval pending; proposed assembly stage entered
A26: R-11 | B26: Grommet | C26: SP40-02-02-11-05/-07 | D26: 21–22 | E26: EPDM food grade; submit certificate and Shore hardness | F26: Inspection | G26: Parts Master GRM-01/BGM-01 | H26: Part definition confirmed; proposed route mapping/time requires approval
A27: R-12 | B27: Saddle | C27: SP40-02-02-11-01 | D27: 20 | E27: PTFE food-grade sliding sheet 10 × 450 × 3030 | F27: Installation (proposed) | G27: Assembly Sequence | H27: Retention method/stage pending
A28: R-13 | B28: Shell | C28: SP40-02-03-05 | D28: 3 | E28: Ten SA240 S32205 shell plates, PL.10 × 9456 developed length | F28: — | G28: Parts Master SHL-01 | H28: Part definition confirmed
A31: PDF PAGE | B31: DRAWING NUMBER | C31: SHEET | D31: REV. | E31: DRAWING TITLE | G31: OPEN CONTROL | H31: WHY IT REMAINS OPEN
A32: 1 | B32: SP40-02-03-04-001 | C32: 01 OF 02 | D32: 0 | E32: MED Train 1 – Left Side Dished Head Detail | G32: HE stage schedule | H32: No min/max durations or predecessors in drawing
A33: 2 | B33: SP40-02-03-04-001 | C33: 02 OF 02 | D33: 0 | E33: MED Train 1 – Right Side Dished Head Detail | G33: Department ownership | H33: Drawing does not assign DESPL departments
A34: 3 | B34: SP40-02-03-05 | C34: 01 OF 01 | D34: 0 | E34: MED Train 1 – Overall Material List | G34: Standard times | H34: No shop time study in drawing
A35: 4 | B35: SP40-02-03-04-008 | C35: 01 OF 01 | D35: 0 | E35: MED Train 1 – External Attachment Details | G35: Production approval | H35: Title-block approval is not identified as Production Head approval
A36: 5 | B36: SP40-02-03-04-007 | C36: 01 OF 01 | D36: 0 | E36: MED Train 1 – NCG Nozzles and J Tubes Detail | G36: Tube joint tests | H36: No mock-up, pull-out or leak test specified
A37: 6 | B37: SP40-02-03-04-006 | C37: 01 OF 03 | D37: 0 | E37: MED Train 1 – Effect 1.1 NCG Box Details | G37: EPDM properties | H37: Compound density and Shore hardness absent
A38: 7 | B38: SP40-02-03-04-006 | C38: 02 OF 03 | D38: 0 | E38: MED Train 1 – Effect 2.1 NCG Box Details | G38: Full assembly sequence | H38: GA/QAP/notes and shop method confirmation required
A39: 8 | B39: SP40-02-03-04-006 | C39: 03 OF 03 | D39: 0 | E39: MED Train 1 – Effect 3.1 NCG Box Details
A40: 9 | B40: SP40-02-03-04-004 | C40: 01 OF 03 | D40: 0 | E40: MED Train 1 – Effect 1 Demister Details
A41: 10 | B41: SP40-02-03-04-004 | C41: 02 OF 03 | D41: 0 | E41: MED Train 1 – Effect 2 Demister Details
A42: 11 | B42: SP40-02-03-04-004 | C42: 03 OF 03 | D42: 0 | E42: MED Train 1 – Effect 3 Demister Details
A43: 12 | B43: SP40-02-03-04-003 | C43: 01 OF 02 | D43: 0 | E43: MED Train 1 – Internal Attachment Detail
A44: 13 | B44: SP40-02-03-04-003 | C44: 02 OF 02 | D44: 0 | E44: MED Train 1 – Internal Grating Detail
A45: 14 | B45: SP40-02-03-04-002 | C45: 01 OF 06 | D45: 0 | E45: MED Train 1 – Effect 1.1 Tube Sheet Detail
A46: 15 | B46: SP40-02-03-04-002 | C46: 02 OF 06 | D46: 0 | E46: MED Train 1 – Effect 1.2 Tube Sheet Detail
A47: 16 | B47: SP40-02-03-04-002 | C47: 03 OF 06 | D47: 0 | E47: MED Train 1 – Effect 2.1 Tube Sheet Detail
A48: 17 | B48: SP40-02-03-04-002 | C48: 04 OF 06 | D48: 0 | E48: MED Train 1 – Effect 2.2 Tube Sheet Detail
A49: 18 | B49: SP40-02-03-04-002 | C49: 05 OF 06 | D49: 0 | E49: MED Train 1 – Effect 3.1 Tube Sheet Detail
A50: 19 | B50: SP40-02-03-04-002 | C50: 06 OF 06 | D50: 0 | E50: MED Train 1 – Effect 3.2 Tube Sheet Detail
... A56: 25 | B56: SP40-02-02-11-02 | C56: 01 OF 01 | D56: 0 | E56: MED Trains 1–3 – Manhole Detail

Sheet PV Drawing Basis
A1: PV DRAWING BASIS — HP AIR RECEIVER BLOW DOWN SYSTEM
A2: Approved GA drawing source. Light-yellow rows are drawing-backed; orange cells are uncertain or require shop/Production Head confirmation.
A3: Field | B3: Value
A4: Drawing No. | B4: 51G2-E-ELM-HCA-DM-D-V-4006
A5: Revision / Sheet | B5: C / Sheets 1 and 2 of 2
A6: Drawing title | B6: General Arrangement Drawing – HP Air Receiver Blow Down System
A7: Project | B7: Chitravathi Pumped Storage Project (500 MW)
A8: PO / Job | B8: 4504443598 / DE0423
A9: Quantity / Serial Nos. | B9: 03 Nos. / DE0423-01 to DE0423-03
A10: Approval | B10: APPROVED – May 23, 2025
A11: Manufacturer | B11: Dhruv EPC Solutions Pvt. Ltd.
A12: Design code | B12: ASME Section VIII Division 1, Edition 2023
A13: Configuration | B13: Vertical pressure vessel; 2345 mm ID × 5496 mm overall length; capacity 20 m³
A14: Design pressure / temperature | B14: 44 bar(g) / -20 to +50 °C
... A19: Weights | B19: Empty 19,266 kg; Operating 20,265 kg; Hydrotest 39,261 kg
A21: NOZZLE SCHEDULE | B21: Qty | C21: Size | D21: Pipe Sch / Thk | E21: Flange / Type / Face | F21: Service | G21: Projection / Pad | H21: Remarks
A22: N1 | B22: 1 | C22: DN25 / 1 in | D22: 14.22 mm | E22: Class 300 LWN RF | F22: Inlet | G22: 1430; R-pad 25 × 75 | H22: Drawing schedule
A23: N2 | B23: 1 | C23: DN25 / 1 in | D23: XXS / 9.09 mm | E23: Class 300 LWN RF | F23: Drain | G23: See drawing | H23: Drawing schedule
A24: N3 | B24: 1 | C24: DN125 / 5 in | D24: Sch 160 / 15.88 mm | E24: Class 300 WN RF | F24: Outlet | G24: 1475 | H24: SRN
A25: N4 | B25: 1 | C25: 1/2 in | D25: — | E25: 6000# BSP F | F25: Pressure gauge | G25: See drawing | H25: Refer detail
A26: N5 | B26: 1 | C26: 1/2 in | D26: — | E26: 6000# BSP F | F26: Pressure transmitter | G26: See drawing | H26: Refer detail
A27: N6 | B27: 1 | C27: 1/2 in | D27: — | E27: 6000# BSP F | F27: Safety valve | G27: See drawing | H27: Refer detail
A28: M1 | B28: 1 | C28: DN450 / 18 in | D28: Sch 60 / 19.05 mm | E28: Class 300 WN RF | F28: Manhole | G28: 1615 | H28: SRN with blind flange
A30: ITEM | B30: DESCRIPTION | C30: QTY | D30: MATERIAL / SPEC | E30: SIZE / DIMENSIONS | F30: WT (kg) | G30: MASTER CODE | H30: SOURCE / CONTROL
A31: 101 | B31: Shell | C31: 1 | D31: SA 516 Gr.70 | E31: 45T × 3750W × 7509 developed length | F31: 9947 | G31: SHL-01 | H31: Sheet 1 BOM; confirmed
A32: 102 | B32: Top & Bottom Dished End | C32: 2 | D32: SA 516 Gr.70 | E32: 45T nominal × 2925 blank diameter | F32: 4748 | G32: HED-01 | H32: Sheet 1 BOM; confirmed
A33: 201 | B33: Skirt Shell | C33: 1 | D33: SA 516 Gr.70 | E33: 16T × 837W × 7499 developed length | F33: 789 | G33: SKT-01 | H33: Sheet 2 BOM; confirmed
A34: 202 | B34: Skirt Base Ring | C34: 1 | D34: IS 2062 E250B | E34: 32T × 2240 ID × 2700 OD | F34: 448 | G34: SBR-01 | H34: Sheet 2 BOM; confirmed
A35: 203 | B35: Gusset Plate | C35: 32 | D35: IS 2062 E250B | E35: 12T × 150W × 151 length | F35: 69 | G35: GSP-02 | H35: Sheet 2 BOM; confirmed
A36: 204 | B36: Earthing Plate | C36: 2 | D36: SS 304 | E36: 12T × 75W × 75 length | F36: 1 | G36: ERT-01 | H36: Sheet 2 BOM; confirmed
A37: 205 | B37: Flange N1 | C37: 1 | D37: SA 105 | E37: 1 in ID × 14.22T × Class 300 WNRF × 285 length | F37: 5.2 | G37: FLG-01 | H37: Sheet 2 BOM; confirmed
A38: 205A | B38: Reinforcement Pad N1 | C38: 1 | D38: SA 516 Gr.70 | E38: 25T × 204 OD × 57 ID × final dimension unclear | F38: 5.9 | G38: RFP-02 | H38: Sheet 2 BOM; one dimension requires drawing check
A39: 206 | B39: Flange N2 | C39: 1 | D39: SA 105 | E39: DN25 × Sch XXS × Class 300 WNRF | F39: 2 | G39: FLG-01 | H39: Sheet 2 BOM; confirmed
A40: 207 | B40: Nozzle Pipe N2 | C40: 1 | D40: SA 333 Gr.6 | E40: DN25 × Sch XXS × 1350 length | F40: 7.4 | G40: NOZ-01 | H40: Rev. C changes MOC; confirmed
A41: 208 | B41: Nozzle Elbow N2 | C41: 1 | D41: SA 234 WPB | E41: DN25 × Sch XXS × 90° LR | F41: 0.4 | G41: ELB-01 | H41: Sheet 2 BOM; confirmed
A42: 209 | B42: Nozzle Pipe N2 | C42: 1 | D42: SA 333 Gr.6 | E42: DN25 × Sch XXS × 130 length | F42: 0.8 | G42: NOZ-01 | H42: Rev. C changes MOC; confirmed
A43: 210 | B43: Stiffener N2 | C43: 1 | D43: SA 516 Gr.70 | E43: 6T × 50W × 290 length | G43: STF-01 | H43: Weight cell unclear; drawing check required
A44: 211 | B44: Support Pipe N2 | C44: 1 | D44: SA 106 Gr.B | E44: DN150 × Sch 120 × 115 length | F44: 6.3 | G44: SPP-01 | H44: Sheet 2 BOM; confirmed
A45: 212 | B45: Stiffener N3 | C45: 3 | D45: SA 516 Gr.70 | E45: 6T × 51W × 80 length | F45: 0.6 | G45: STF-01 | H45: Sheet 2 BOM; confirmed
A46: 213 | B46: Flange N3 | C46: 1 | D46: SA 105 | E46: DN125 × Sch 160 × Class 300 WNRF | F46: 19 | G46: FLG-01 | H46: Sheet 2 BOM; confirmed
A47: 214 | B47: Self-Reinforced Nozzle N3 | C47: 1 | D47: SA 266 Gr.2 | E47: As per detail | F47: 29 | G47: SRN-01 | H47: Sheet 2 BOM; confirmed
A48: 215 | B48: Coupling with Plug N4 & N5 | C48: 2 | D48: SA 105 | E48: DN15 × 6000# BSP; as per detail | F48: 1.5 | G48: CPL-01 | H48: Sheet 2 BOM; confirmed
A49: 216 | B49: Flange M1 | C49: 1 | D49: SA 105 | E49: DN450 × Sch 60 × Class 300 WNRF | F49: 192 | G49: FLG-01 | H49: Sheet 2 BOM; confirmed
A50: 217 | B50: Self-Reinforced Nozzle M1 | C50: 1 | D50: SA 266 Gr.2 | E50: As per detail | F50: 288 | G50: SRN-01 | H50: Sheet 2 BOM; confirmed
A51: 218 | B51: Blind Flange M1 | C51: 1 | D51: SA 105 | E51: DN450 × ASME Class 300 blind RF | F51: 181 | G51: BFL-01 | H51: Sheet 2 BOM; confirmed
A52: 219 | B52: Gasket M1 | C52: 1 | D52: SS316L spiral wound / Grafoil / CS outer ring | E52: DN450 × ASME Class 300; ASME B16.20 | G52: GAS-01 | H52: Note 1; catalogue/supplier weight
A53: 220 | B53: Stud with Two Heavy Hex Nuts | C53: 24 | D53: SA193 B7 / SA194 2H | E53: 1-1/4 in UNC × 210 length; full thread | F53: 44 | G53: STD-01 | H53: Sheet 2 BOM; confirmed
A54: 221 | B54: Square Bar for Hook | C54: 1 | D54: SA 516 Gr.70 | E54: Square 28 × 400 developed length | F54: 2.5 | G54: HOK-01 | H54: Sheet 2 BOM; confirmed
A55: 222 | B55: Eye Bolt | C55: 1 | D55: IS 2062 E250B | E55: Dia 25 × 500 developed length | F55: 2 | G55: EYE-01 | H55: Sheet 2 BOM; confirmed
A56: 223 | B56: Washer | C56: 1 | D56: Stainless steel | E56: 1.5T × OD unclear × 26 ID | F56: 0.03 | G56: WSH-02 | H56: OD requires drawing check
A57: 224 | B57: Hex Nut | C57: 1 | D57: IS 1367 Class 4 | E57: M24 standard | G57: NUT-02 | H57: Catalogue weight
A58: 225 | B58: Hex Lock Nut | C58: 1 | D58: IS 1367 Class 4 | E58: M24 standard | G58: NUT-02 | H58: Catalogue weight
A59: 226 | B59: Support Pipe | C59: 1 | D59: SA 53 Gr.B / SA106 Gr.B | E59: DN65 × Sch 40 × 200 length | F59: 1.8 | G59: SPP-01 | H59: Exact material line requires certificate check
A60: 227 | B60: Davit Pipe | C60: 1 | D60: SA 106 Gr.B | E60: DN50 × Sch 80 × approx. 1000 developed length | F60: 7.5 | G60: DVT-01 | H60: Sheet 2 BOM; confirmed
A61: 228 | B61: End Plate for Davit Pipe | C61: 1 | D61: SA 516 Gr.70 | E61: 10T × 50 OD | F61: 0.2 | G61: EPL-01 | H61: Sheet 2 BOM; confirmed
A62: 229 | B62: End Plate for Support Pipe | C62: 1 | D62: SA 516 Gr.70 | E62: 10T × 60 OD | F62: 0.3 | G62: EPL-01 | H62: Sheet 2 BOM; confirmed
A63: 230 | B63: Snap Head Rivet | C63: 1 | D63: Mild steel | E63: Dia 20 × 25 length; refer detail | G63: RVT-01 | H63: Supplier/catalogue weight
A64: 231 | B64: Rib Plate | C64: 1 | D64: SA 516 Gr.70 | E64: 10T × 50W × 240 length | F64: 0.9 | G64: RIB-01 | H64: Sheet 2 BOM; confirmed
A65: 232 | B65: Boss for Davit Pipe | C65: 1 | D65: IS 2062 | E65: Dia 80 × 80 length | F65: 3.2 | G65: BOS-01 | H65: Grade to be confirmed from MTC
A66: 233 | B66: Handle | C66: 2 | D66: SA 516 Gr.70 | E66: Square 20 × 310 developed length | F66: 2 | G66: HDL-01 | H66: Sheet 2 BOM; confirmed
A67: 234 | B67: Jack Screw | C67: 3 | D67: SS 304 | E67: M16 × 120 length; refer detail | F67: 0.8 | G67: JSC-01 | H67: Sheet 2 BOM; confirmed
A68: 235A | B68: Access Opening Ring | C68: 1 | D68: SA 516 Gr.70 | E68: 16T × 150W × 1075 developed length | F68: 21 | G68: AOP-01 | H68: Same drawing item 235; component line
A69: 235B | B69: Access Opening Cover/Plate | C69: 1 | D69: SA 516 Gr.70 | E69: 16T × 150W × 428 length | F69: 8 | G69: AOP-01 | H69: Same drawing item 235; component line
A70: 236 | B70: Nozzle Pipe SV1 to SV4 | C70: 4 | D70: SA 106 Gr.B | E70: DN100 × Sch 80 × 115 length | F70: 10.2 | G70: NOZ-01 | H70: Sheet 2 BOM; confirmed
A71: 237 | B71: Pad Plate | C71: 2 | D71: SA 516 Gr.70 | E71: 16T × 200W × 330 developed length | F71: 17 | G71: PAD-01 | H71: Sheet 2 BOM; confirmed
A72: 238 | B72: Lifting Lug | C72: 2 | D72: SA 516 Gr.70 | E72: 32T × 230W × 680 length | F72: 79 | G72: LUG-02 | H72: Weight basis (total/per item) requires check
A73: 239 | B73: Support Plate | C73: 2 | D73: SA 516 Gr.70 | E73: 28T × 500W × 230 length | F73: 5 | G73: SPL-01 | H73: Weight basis requires check
A74: 240 | B74: Tailing Lug | C74: 1 | D74: SA 516 Gr.70 | E74: 32T × 250W × 275 length | F74: 17.8 | G74: TLG-01 | H74: Sheet 2 BOM; confirmed
A75: 241 | B75: Name Plate Bracket | C75: 1 | D75: SA 516 Gr.70 | E75: 6T × 160 × 350 length | F75: 2.63 | G75: NPB-01 | H75: Sheet 2 BOM; confirmed
A76: 242 | B76: Name Plate | C76: 1 | D76: SS 304 | E76: 3T × 150 × 200 length | F76: 0.75 | G76: NPL-01 | H76: Sheet 2 BOM; confirmed
A77: 243 | B77: Foundation Bolt with Nut & Washer | C77: 16 | D77: IS 1367 Gr.8.8 | E77: M36 × 580 length | F77: 40 | G77: FBL-01 | H77: Sheet 2 BOM; confirmed
A78: 244 | B78: Coupling with Plug N6 | C78: 1 | D78: SA 105 | E78: DN15 × 6000# BSP; as per detail | F78: 1 | G78: CPL-01 | H78: Size/value visually tight; verify before release

Sheet PV Review
A1: PRESSURE VESSEL MASTER — DRAWING REVIEW
A2: Approved GA source is captured, but all shop-time norms, route approvals and unresolved BOM cells remain under controlled HOLD.
A4: CONTROL STATUS | B4: LIVE VALUE
A5: Drawing BOM lines | B5: =COUNTA('PV Drawing Basis'!A31:A78) -> 48
A6: New PV part families | B6: =COUNTIF('Parts Master'!A5:A309,"PV DRAWING SOURCE") -> 30
A7: Drawing-linked shared families | B7: 6
A8: New PV route steps | B8: =COUNTIF('Part Routes'!A5:A336,"PV DRAWING SOURCE") -> 155
A9: PV assembly steps | B9: =COUNTIF('Assembly Sequence'!A5:A317,"PV DRAWING SOURCE") -> 31
A10: Missing PV stage mappings | B10: =COUNTIFS('Part Routes'!A5:A336,"PV DRAWING SOURCE",'Part Routes'!I5:I336,"") -> 0
A11: PV routes missing standard time | B11: =COUNTIFS('Part Routes'!A5:A336,"PV DRAWING SOURCE",'Part Routes'!K5:K336,"") -> 0
A12: Open PV review actions | B12: =COUNTIFS('Review Actions'!A5:A60,"PV-*",'Review Actions'!G5:G60,"Open") -> 8
A13: Approved new PV families | B13: =COUNTIFS('Parts Master'!A5:A309,"PV DRAWING SOURCE",'Parts Master'!P5:P309,"Approved by Production Head") -> 0
A14: Tracker load readiness | B14: HOLD – Production Head approval pending
A16: DRAWING FACT | B16: VALUE | C16: UNIT / BASIS | D16: SOURCE
A17: Drawing | B17: 51G2-E-ELM-HCA-DM-D-V-4006 Rev. C | C17: Sheets 1–2 | D17: Approved GA
A18: Vessel size | B18: 2345 ID × 5496 OAL | C18: mm | D18: Design Data
A19: Capacity | B19: 20 | C19: m³ | D19: Design Data
A20: Design pressure | B20: 44 | C20: bar(g) | D20: Design Data
A21: Design temperature | B21: -20 to +50 | C21: °C | D21: Design Data
A22: Hydrotest pressure | B22: 66–66.5 | C22: kg/cm²(g) | D22: 30 min at 18–48°C
A23: Empty weight | B23: 19266 | C23: kg | D23: Design Data
A24: Operating weight | B24: 20265 | C24: kg | D24: Design Data
A25: Hydrotest weight | B25: 39261 | C25: kg | D25: Design Data
A26: Cyclic service | B26: 150000 | C26: cycles | D26: 8 cycles/day; pressure fluctuations 40–70 bar
A28: REVIEW GATE | B28: OWNER | C28: STATUS | D28: REQUIRED EVIDENCE
A29: BOM ambiguities | B29: Engineering | C29: Open | D29: Native CAD/vendor BOM confirmation
A30: Routes and times | B30: Production Head / PPC | C30: Open | D30: Approved routes and time-study sheet
A31: PFHT / PWHT / NDE | B31: QC / Heat Treatment | C31: Open | D31: Approved procedures, QAP and acceptance criteria
A32: Weld map | B32: Welding / QC | C32: Open | D32: Controlled joint-number register
A33: Final approval | B33: Production Head | C33: Open | D33: Signed approval and Parts Master status update
